"Category","English","Khmer","Phonetic","AudioFile","Visible"
"Essentials","Hello","ជំរាបសួរ","chomreabsuor","01 Essentials\Hello (chomreabsuor).mp3","true"
"Essentials","Hi","សួស្តី","suostei","01 Essentials\Hi (suostei).mp3","true"
"Essentials","Good evening","ទិវាសួស្តី","tivea suostei","01 Essentials\Good evening (tivea suostei).mp3","false"
"Essentials","Goodbye","លាហើយ","leahaey","01 Essentials\Goodbye (leahaey).mp3","false"
"Essentials","Goodbye","លាសិនហើយ","leahaey","01 Essentials\Goodbye (leahaey) 2.mp3","false"
"Essentials","See you later","ជួប​គ្នា​ពេល​ក្រោយ","chuob​ knea​ pel kraoy","01 Essentials\See you later (chuob​ knea​ pel kraoy).mp3","false"
"Essentials","See you later","ជួបគ្នាលើកក្រោយ","chuob​ knea​ leuk kraoy","01 Essentials\See you later (chuob​ knea​ leuk kraoy).mp3","false"
"Essentials","Yes","ចាស","chars","01 Essentials\Yes (chars).mp3","true"
"Essentials","Yes","បាទ","bat","01 Essentials\Yes (bat).mp3","true"
"Essentials","No","ទេ","te","01 Essentials\No (te).mp3","false"
"Essentials","No","អត់ទេ","at te","01 Essentials\No (at te).mp3","false"
"Essentials","Excuse me!","សូម!","saum!","01 Essentials\Excuse me! (saum!).mp3","false"
"Essentials","Excuse me!","សូមមេត្តា!","saum meta!","01 Essentials\Excuse me! (saum meta!).mp3","true"
"Essentials","Thanks","សូមអរគុណ","saum arkun","01 Essentials\Thanks (saum arkun).mp3","false"
"Essentials","Thanks","អរគុណ","arkun","01 Essentials\Thanks (arkun).mp3","false"
"Essentials","Thanks a lot","អរគុណច្រើន","arkun chraen","01 Essentials\Thanks a lot (arkun chraen).mp3","true"
"Essentials","Thanks a lot","អរគុណណាស់","arkun nas","01 Essentials\Thanks a lot (arkun nas).mp3","false"
"Essentials","Thank you for your help","អរគុណ​ដែលបានជួយ","arkun​ del ban chhuou","01 Essentials\Thank you for your help (arkun​ del ban chhuou).mp3","false"
"Essentials","You’re welcome","មិនអីទេ","min ey te","01 Essentials\You’re welcome (min ey te).mp3","false"
"Essentials","You’re welcome","កុំរំលឹកអី","kom rum leuk ey","01 Essentials\You’re welcome (kom rum leuk ey).mp3","false"
"Essentials","Okay","យល់ព្រម","yolprom","01 Essentials\Okay (yolprom).mp3","false"
"Essentials","How much is it?","តើ​ថ្លៃប៉ុន្មាន?","tae​ tlai ponman?","01 Essentials\How much is it (tae​ tlai ponman).mp3","true"
"Essentials","Sorry!","សុំទោស!","somtos!","01 Essentials\Sorry! (somtos!).mp3","true"
"Essentials","Sorry!","សុំអភ័យទោស!","som aphey tos!","01 Essentials\Sorry! (som aphey tos!).mp3","false"
"Essentials","I don't understand","ខ្ញុំមិនយល់ទេ","khnhom min yol te","01 Essentials\I don't understand (khnhom min yol te).mp3","true"
"Essentials","I get it","ខ្ញុំទទួលបាន។","khnhom tortuol ban","01 Essentials\I get it (khnhom tortuol ban).mp3","false"
"Essentials","I get it","ខ្ញុំទទួលបានហើយ","khnhom tortuol ban haey","01 Essentials\I get it (khnhom tortuol ban haey).mp3","false"
"Essentials","I don't know","ខ្ញុំមិនដឹងទេ","khnhom mindoeng te","01 Essentials\I don't know (khnhom mindoeng te).mp3","true"
"Essentials","Forbidden","ហាមឃាត់","hamkhoit","01 Essentials\Forbidden (hamkhoit).mp3","false"
"Essentials","Excuse me, where are the toilets?","សុំទោស តើបង្គន់នៅឯណា?","somtos tae bangkon nov ena?","01 Essentials\Excuse me, where are the toilets (somtos tae bangkon nov ena).mp3","true"
"Essentials","Happy New Year!","សួស្តី​ឆ្នាំ​ថ្មី!","susdey​ chhnam​ thmei!","01 Essentials\Happy New Year! (susdey​ chhnam​ thmei!).mp3","false"
"Essentials","Happy New Year!","រីករាយឆ្នាំថ្មី!","rikreay​ chhnam​ thmei!","01 Essentials\Happy New Year! (rikreay​ chhnam​ thmei!).mp3","false"
"Essentials","Happy Birthday!","ជូនពរថ្ងៃកំណើត!","chhuonpor​ thngai​ kamnaeut!","01 Essentials\Happy Birthday! (chhuonpor​ thngai​ kamnaeut!).mp3","false"
"Essentials","Happy Birthday!","រីករាយថ្ងៃកំណើត!","rikreay thngai​ kamnaeut!","01 Essentials\Happy Birthday! (rikreay thngai​ kamnaeut!).mp3","false"
"Essentials","Happy Holidays!","រីករាយថ្ងៃឈប់សម្រាក!","rikreay thngai chhub samrak!","01 Essentials\Happy Holidays! (rikreay thngai chhub samrak!).mp3","false"
"Essentials","Congratulations!","អបអរសាទរ!","orb or sator!","01 Essentials\Congratulations! (orb or sator!).mp3","false"
"Essentials","Congratulations!","អបអរសាទរ!","orb or sator!","01 Essentials\Congratulations! (orb or sator!) 2.mp3","false"
"Conversation","Hello. How are you?","ជម្រាបសួរ។ តើអ្នក​សុខសប្បាយ​?","chomreabsuor tae nak​ soksabay​?","02 Conversation\Hello. How are you (chomreabsuor tae nak​ soksabay​).mp3","false"
"Conversation","Hello. How are you?","ជម្រាបសួរ។ អ្នកសុខសប្បាយទេ?","chomreabsuor nak​ soksabay​ te?","02 Conversation\Hello. How are you (chomreabsuor nak​ soksabay​ te).mp3","false"
"Conversation","Hello. I'm fine, thank you","ជម្រាបសួរ។ ខ្ញុំ​សុខសប្បាយ​ជាទេ​អគុណ","chomreabsuor khnhom​ sokhasabay​ chea te arkun","02 Conversation\Hello. I'm fine, thank you (chomreabsuor khnhom​ sokhasabay​ chea te arkun).mp3","false"
"Conversation","Hello. I'm fine, thank you","ជម្រាបសួរ។ ខ្ញុំសុខសប្បាយអរគុណ","chomreabsuor khnhom​ sokhasabay​ arkun","02 Conversation\Hello. I'm fine, thank you (chomreabsuor khnhom​ sokhasabay​ arkun).mp3","false"
"Conversation","Only a little bit","តែបន្តិច","teh bantich","02 Conversation\Only a little bit (teh bantich).mp3","true"
"Conversation","Only a little bit","តែបន្តិចទេ","teh bantich","02 Conversation\Only a little bit (teh bantich) 2.mp3","false"
"Conversation","Which country are you from?","តើ​អ្នក​មកពីណា?","tae​ nak​ mok pina?","02 Conversation\Which country are you from (tae​ nak​ mok pina).mp3","false"
"Conversation","Which country are you from?","តើអ្នកមកពីណាដែរ?","tae​ nak​ mok pina deh?","02 Conversation\Which country are you from (tae​ nak​ mok pina deh).mp3","true"
"Conversation","What is your nationality?","តើ​អ្នក​មាន​សញ្ជាតិ​អ្វី?","tae​ nak​ mean​ sanhcheat​ avei?","02 Conversation\What is your nationality (tae​ nak​ mean​ sanhcheat​ avei).mp3","false"
"Conversation","What is your nationality?","តើអ្នកមានសញ្ជាតិអ្វីដែរ?","tae​ nak​ mean​ sanhcheat​ avei deh?","02 Conversation\What is your nationality (tae​ nak​ mean​ sanhcheat​ avei deh).mp3","true"
"Conversation","And you, do you live here?","ហើយអ្នក តើអ្នករស់នៅទីនេះ?","haey nak tae nak ros nov tinih?","02 Conversation\And you, do you live here (haey nak tae nak ros nov tinih).mp3","false"
"Conversation","And you, do you live here?","ចុះអ្នកវិញ តើអ្នករស់នៅទីនេះឬ?","chos nak vinh tae nak ros nov tinih reu?","02 Conversation\And you, do you live here (chos nak vinh tae nak ros nov tinih reu).mp3","false"
"Conversation","Yes, I live here","ចាស ខ្ញុំរស់នៅទីនេះ","chars khnhom ros nov tinih","02 Conversation\Yes, I live here (chars khnhom ros nov tinih).mp3","false"
"Conversation","Yes, I live here","បាទ ខ្ញុំរស់នៅទីនេះ","bat khnhom ros nov tinih","02 Conversation\Yes, I live here (bat khnhom ros nov tinih).mp3","false"
"Conversation","My name is Sarah, what's your name?","ខ្ញុំឈ្មោះសារ៉ា តើអ្នកឈ្មោះអ្វី?","khnhom chhmoh sara tae nak chhmoh avei?","02 Conversation\My name is Sarah, what's your name (khnhom chhmoh sara tae nak chhmoh avei).mp3","false"
"Conversation","My name is Sarah, what's your name?","ខ្ញុំឈ្មោះសារ៉ា តើអ្នកមានឈ្មោះអ្វី?","khnhom chhmoh sara tae nak mean chhmoh avei?","02 Conversation\My name is Sarah, what's your name (khnhom chhmoh sara tae nak mean chhmoh avei).mp3","false"
"Conversation","What are you doing here?","តើ​អ្នក​កំពុង​ធ្វើអ្វី​នៅ​ទីនេះ?","tae​ nak​ kampong​ thveu avei​ nov tinih?","02 Conversation\What are you doing here (tae​ nak​ kampong​ thveu avei​ nov tinih).mp3","false"
"Conversation","I am on holiday","ខ្ញុំដើរលេងថ្ងៃឈប់សម្រាក","khnhom deu leing thngai chhub samrak","02 Conversation\I am on holiday (khnhom deu leing thngai chhub samrak).mp3","false"
"Conversation","We are on holiday","យើងដើរលេងថ្ងៃឈប់សម្រាក","yeung deu leing thngai chhub samrak","02 Conversation\We are on holiday (yeung deu leing thngai chhub samrak).mp3","false"
"Conversation","I am on a business trip","ខ្ញុំធ្វើដំណើរមករកស៊ី","khnhom tveu domneu mok roksi","02 Conversation\I am on a business trip (khnhom tveu domneu mok roksi).mp3","false"
"Conversation","I am on a business trip","ខ្ញុំធ្វើដំណើរមករកស៊ី","khnhom tveu domneu mok roksi","02 Conversation\I am on a business trip (khnhom tveu domneu mok roksi) 2.mp3","false"
"Conversation","I work here","ខ្ញុំធ្វើការនៅទីនេះ","khnhom thveukar nov tinih","02 Conversation\I work here (khnhom thveukar nov tinih).mp3","false"
"Conversation","I work here","ខ្ញុំធ្វើការនៅកន្លែងនេះ","khnhom thveukar nov kanleng nih","02 Conversation\I work here (khnhom thveukar nov kanleng nih).mp3","false"
"Conversation","We work here","យើងធ្វើការនៅទីនេះ","yeung thveukar nov tinih","02 Conversation\We work here (yeung thveukar nov tinih).mp3","false"
"Conversation","We work here","យើងធ្វើការនៅកន្លែងនេះ","yeung thveukar nov kanleng nih","02 Conversation\We work here (yeung thveukar nov kanleng nih).mp3","false"
"Conversation","What are the good places to eat?","តើមានកន្លែង​ណា​ល្អ​សម្រាប់​ដើរ​លេង និង​ញ៉ាំ​អីទេ?","tae mean kanleng​ na​ laor​ samrab​ daer​ leng​ ning nham ei te?","02 Conversation\What are the good places to eat (tae mean kanleng​ na​ laor​ samrab​ daer​ leng​ ning nham ei te).mp3","false"
"Conversation","What are the good places to eat?","តើមានកន្លែងល្អសម្រាប់ដើរលេង និងញ៉ាំអីដែរឬទេ?","tae mean kanleng​ laor​ samrab​ daer​ leng​ ning nham ei deh reu te?","02 Conversation\What are the good places to eat (tae mean kanleng​ laor​ samrab​ daer​ leng​ ning nham ei deh reu te).mp3","false"
"Conversation","Is there a museum in the neighbourhood?","តើ​មាន​សារមន្ទីរ​នៅ​​ក្បែនេះទេ?","tae​ mean​ saral montir​ nov​ kbeh nih​ te?","02 Conversation\Is there a museum in the neighbourhood (tae​ mean​ saral montir​ nov​ kbeh nih​ te).mp3","false"
"Conversation","Is there a museum in the neighbourhood?","តើមានសារមន្ទីរនៅម្តុំនេះដែរឬទេ?","tae​ mean​ sarak montir​ nov​ mdom nih​ deh reu te?","02 Conversation\Is there a museum in the neighbourhood (tae​ mean​ sarak montir​ nov​ mdom nih​ deh reu te).mp3","false"
"Conversation","Where could I get an internet connection?","តើខ្ញុំអាចភ្ជាប់អ៊ីនធឺណិតបាននៅកន្លែងណា?","tae khnhom arch phchhoib internet ban nov kanleng na?","02 Conversation\Where could I get an internet connection (tae khnhom arch phchhoib internet ban nov kanleng na).mp3","false"
"Conversation","Where could I get an internet connection?","តើខ្ញុំអាចរកកន្លែងភ្ជាប់អ៊ីនធឺណិតបាននៅឯណា?","tae khnhom arch phchhoib internet ban nov ena?","02 Conversation\Where could I get an internet connection (tae khnhom arch phchhoib internet ban nov ena).mp3","false"
"Learning","Do you want to learn a few words?","តើអ្នកចង់រៀនពាក្យខ្លះៗទេ?","tae nak chang rien piek klas klas te?","03 Learning\Do you want to learn a few words (tae nak chang rien piek klas klas te).mp3","false"
"Learning","Do you want to learn a few words?","តើអ្នកចង់រៀនពីបីពាក្យទេ?","tae nak chang rien pirbei piek te?","03 Learning\Do you want to learn a few words (tae nak chang rien pirbei piek te).mp3","false"
"Learning","Yes, sure!","បាទ ប្រាកដហើយ!","bart brakad haey!","03 Learning\Yes, sure! (bart brakad haey!).mp3","false"
"Learning","What's  this called?","តើនេះហៅថាអ្វី?","tae nih hawtha avei?","03 Learning\What's  this called (tae nih hawtha avei).mp3","false"
"Learning","It's a table","វាជាតុមួយ","vea chea tok muoy","03 Learning\It's a table (vea chea tok muoy).mp3","false"
"Learning","It's a table","វាគឺតុមួយ","vea keu tok muoy","03 Learning\It's a table (vea keu tok muoy).mp3","false"
"Learning","A table. Do you understand?","តុ។ តើ​អ្នក​យល់​ទេ?","tok tae​ nak​ yol​ te?","03 Learning\A table. Do you understand (tok tae​ nak​ yol​ te).mp3","false"
"Learning","A table. Do you understand?","តុ។ តើអ្នកយល់ដែរឬទេ?","tok tae​ nak​ yol deh reu​ te?","03 Learning\A table. Do you understand (tok tae​ nak​ yol deh reu​ te).mp3","false"
"Learning","Can you repeat please?","តើអ្នកអាចនិយាយឡើងវិញបានទេ?","tae nak arch niyeay laengvinh ban te?","03 Learning\Can you repeat please (tae nak arch niyeay laengvinh ban te).mp3","true"
"Learning","Can you repeat please?","តើអ្នកអាចថាម្តងទៀតបានទេ?","tae nak arch tha mdong tiet ban te?","03 Learning\Can you repeat please (tae nak arch tha mdong tiet ban te).mp3","false"
"Learning","Could you talk a bit more slowly, please ?","តើអ្នកអាចនិយាយយឺតជាងនេះបន្តិចបានទេ?","tae nak arch niyeay yeut cheangnih bantich ban te?","03 Learning\Could you talk a bit more slowly, please (tae nak arch niyeay yeut cheangnih bantich ban te).mp3","true"
"Learning","Could you talk a bit more slowly, please ?","តើអ្នកអាចនិយាយយឺតបន្តិចបានទេ?","tae nak arch niyeay yeut bantich ban te?","03 Learning\Could you talk a bit more slowly, please (tae nak arch niyeay yeut bantich ban te).mp3","false"
"Learning","Could you write it down, please?","តើអ្នកអាចសរសេរវាចុះបានទេ?","tae nak arch sarser vea choh ban te?","03 Learning\Could you write it down, please (tae nak arch sarser vea choh ban te).mp3","false"
"Learning","Could you write it down, please?","តើអ្នកអាចសរសេរបានទេ?","tae nak arch sarser ban te?","03 Learning\Could you write it down, please (tae nak arch sarser ban te).mp3","false"
"Learning","I don't understand","ខ្ញុំមិនយល់ទេ","khnhom min yol te","03 Learning\I don't understand (khnhom min yol te).mp3","true"
"Learning","I get it","ខ្ញុំទទួលបាន។","khnhom tortuol ban","03 Learning\I get it (khnhom tortuol ban).mp3","false"
"Learning","I get it","ខ្ញុំទទួលបានហើយ","khnhom tortuol ban haey","03 Learning\I get it (khnhom tortuol ban haey).mp3","false"
"Colours","I like the colour of this table","ខ្ញុំចូលចិត្តពណ៌តុនេះ","khnhom chaulchet por tok nih","04 Colours\I like the colour of this table (khnhom chaulchet por tok nih).mp3","false"
"Colours","I like the colour of this table","ខ្ញុំចូលចិត្តពណ៌តុមួយនេះ","khnhom chaulchet por tok muoy nih","04 Colours\I like the colour of this table (khnhom chaulchet por tok muoy nih).mp3","false"
"Colours","It's red","វាមានពណ៌ក្រហម","vea mean por kraham","04 Colours\It's red (vea mean por kraham).mp3","false"
"Colours","Blue","ពណ៌ខៀវ","por khiev","04 Colours\Blue (por khiev).mp3","false"
"Colours","Blue","ខៀវ","khiev","04 Colours\Blue (khiev).mp3","false"
"Colours","Yellow","ពណ៌លឿង","por lueng","04 Colours\Yellow (por lueng).mp3","false"
"Colours","White","ពណ៌ស","por saw","04 Colours\White (por saw).mp3","false"
"Colours","White","ស","saw","04 Colours\White (saw).mp3","false"
"Colours","Black","ពណ៌ខ្មៅ","por khmaw","04 Colours\Black (por khmaw).mp3","false"
"Colours","Green","ពណ៌បៃតង","por baitang","04 Colours\Green (por baitang).mp3","false"
"Colours","Green","បៃតង","baitang","04 Colours\Green (baitang).mp3","false"
"Colours","Orange","ពណ៌ទឹកក្រូច","por teuk krauch","04 Colours\Orange (por teuk krauch).mp3","false"
"Colours","Orange","ពណ៌ទឹកក្រូច","por teuk krauch","04 Colours\Orange (por teuk krauch) 2.mp3","false"
"Colours","Purple","ពណ៌ស្វាយ","por svay","04 Colours\Purple (por svay).mp3","false"
"Colours","Purple","ពណ៌ស្វាយ","por svay","04 Colours\Purple (por svay) 2.mp3","false"
"Colours","Grey","ពណ៌ប្រផេះ","por brapheh","04 Colours\Grey (por brapheh).mp3","false"
"Colours","Grey","ប្រផេះ","brapheh","04 Colours\Grey (brapheh).mp3","false"
"Numbers","Zero","សូន្យ","saun","05 Numbers\Zero (saun).mp3","false"
"Numbers","One","មួយ","muoy","05 Numbers\One (muoy).mp3","false"
"Numbers","Two","ពីរ","pir","05 Numbers\Two (pir).mp3","false"
"Numbers","Three","បី","bei","05 Numbers\Three (bei).mp3","false"
"Numbers","Four","បួន","buon","05 Numbers\Four (buon).mp3","false"
"Numbers","Five","ប្រាំ","bram","05 Numbers\Five (bram).mp3","false"
"Numbers","Six","ប្រាំមួយ","bramuoy","05 Numbers\Six (bramuoy).mp3","false"
"Numbers","Seven","ប្រាំពីរ","brapir","05 Numbers\Seven (brapir).mp3","false"
"Numbers","Eight","ប្រាំបី","brabei","05 Numbers\Eight (brabei).mp3","false"
"Numbers","Nine","ប្រាំបួន","brabuon","05 Numbers\Nine (brabuon).mp3","false"
"Numbers","Ten","ដប់","dob","05 Numbers\Ten (dob).mp3","false"
"Numbers","Eleven","ដប់មួយ","dobmuoy","05 Numbers\Eleven (dobmuoy).mp3","false"
"Numbers","Twelve","ដប់ពីរ","dobpir","05 Numbers\Twelve (dobpir).mp3","false"
"Numbers","Thirteen","ដប់បី","dob bei","05 Numbers\Thirteen (dob bei).mp3","false"
"Numbers","Fourteen","ដប់បួន","dob buon","05 Numbers\Fourteen (dob buon).mp3","false"
"Numbers","Fifteen","ដប់ប្រាំ","dobbram","05 Numbers\Fifteen (dobbram).mp3","false"
"Numbers","Sixteen","ដប់ប្រាំមួយ","dobbram muoy","05 Numbers\Sixteen (dobbram muoy).mp3","false"
"Numbers","Seventeen","ដប់ប្រាំពីរ","dobbram pir","05 Numbers\Seventeen (dobbram pir).mp3","false"
"Numbers","Eighteen","ដប់ប្រាំបី","dobbram bei","05 Numbers\Eighteen (dobbram bei).mp3","false"
"Numbers","Nineteen","ដប់ប្រាំបួន","dobbram buon","05 Numbers\Nineteen (dobbram buon).mp3","false"
"Numbers","Twenty","ម្ភៃ","mphei","05 Numbers\Twenty (mphei).mp3","false"
"Numbers","Twenty-one","ម្ភៃ​មួយ","mphei muoy","05 Numbers\Twenty-one (mphei muoy).mp3","false"
"Numbers","Twenty-two","ម្ភៃ​ពីរ","mphei pir","05 Numbers\Twenty-two (mphei pir).mp3","false"
"Numbers","Twenty-three","ម្ភៃ​បី","mphei bei","05 Numbers\Twenty-three (mphei bei).mp3","false"
"Numbers","Twenty-four","ម្ភៃបួន","mphei buon","05 Numbers\Twenty-four (mphei buon).mp3","false"
"Numbers","Twenty-five","ម្ភៃប្រាំ","mphei bram","05 Numbers\Twenty-five (mphei bram).mp3","false"
"Numbers","Twenty-six","ម្ភៃប្រាំ​មួយ","mpheibram muoy","05 Numbers\Twenty-six (mpheibram muoy).mp3","false"
"Numbers","Twenty-seven","ម្ភៃប្រាំ​ពីរ","mpheibram pir","05 Numbers\Twenty-seven (mpheibram pir).mp3","false"
"Numbers","Twenty-eight","ម្ភៃ​ប្រាំបី","mphei brambei","05 Numbers\Twenty-eight (mphei brambei).mp3","false"
"Numbers","Twenty-nine","ម្ភៃប្រាំ​បួន","mpheibram buon","05 Numbers\Twenty-nine (mpheibram buon).mp3","false"
"Numbers","Thirty","សាមសិប","samseb","05 Numbers\Thirty (samseb).mp3","false"
"Numbers","Thirty-one","សាមសិប​មួយ","samseb muoy","05 Numbers\Thirty-one (samseb muoy).mp3","false"
"Numbers","Thirty-two","សាមសិប​ពីរ","samseb pir","05 Numbers\Thirty-two (samseb pir).mp3","false"
"Numbers","Thirty-three","សាមសិប​បី","samseb bei","05 Numbers\Thirty-three (samseb bei).mp3","false"
"Numbers","Thirty-four","សាមសិប​បួន","samseb buon","05 Numbers\Thirty-four (samseb buon).mp3","false"
"Numbers","Thirty-five","សាមសិប​ប្រាំ","samseb bram","05 Numbers\Thirty-five (samseb bram).mp3","false"
"Numbers","Thirty-six","សាមសិប​ប្រាំមួយ","samseb bramuoy","05 Numbers\Thirty-six (samseb bramuoy).mp3","false"
"Numbers","Forty","សែសិប","sehseb","05 Numbers\Forty (sehseb).mp3","false"
"Numbers","Fifty","ហាសិប","haseb","05 Numbers\Fifty (haseb).mp3","false"
"Numbers","Sixty","ហុកសិប","hokseb","05 Numbers\Sixty (hokseb).mp3","false"
"Numbers","Seventy","ចិតសិប","chetseb","05 Numbers\Seventy (chetseb).mp3","false"
"Numbers","Eighty","ប៉ែតសិប","betseb","05 Numbers\Eighty (betseb).mp3","false"
"Numbers","Ninety","កៅសិប","kawseb","05 Numbers\Ninety (kawseb).mp3","false"
"Numbers","One hundred","មួយ​រយ","muoy roy","05 Numbers\One hundred (muoy roy).mp3","false"
"Numbers","A hundred and five","មួយរយប្រាំ","muoy roy bram","05 Numbers\A hundred and five (muoy roy bram).mp3","false"
"Numbers","Two hundred","ពីរ​រយ","pir roy","05 Numbers\Two hundred (pir roy).mp3","false"
"Numbers","Three hundred","បី​រយ","bei roy","05 Numbers\Three hundred (bei roy).mp3","false"
"Numbers","Four hundred","បួន​រយ","buon roy","05 Numbers\Four hundred (buon roy).mp3","false"
"Numbers","A thousand","មួយ​ពាន់","muoy poin","05 Numbers\A thousand (muoy poin).mp3","false"
"Numbers","A thousand five hundred","មួយពាន់ប្រាំរយ","muoy poin bram roy","05 Numbers\A thousand five hundred (muoy poin bram roy).mp3","false"
"Numbers","Two thousand","ពីរ​ពាន់","pir poin","05 Numbers\Two thousand (pir poin).mp3","false"
"Numbers","Ten thousand","មួយ​ម៉ឺន","muoy meun","05 Numbers\Ten thousand (muoy meun).mp3","false"
"Time tracking","When did you get here?","តើអ្នកមកដល់តាំងពីពេលណា?","tae nak mok dol tang pi pel na?","06 Time tracking\When did you get here (tae nak mok dol tang pi pel na).mp3","false"
"Time tracking","When did you get here?","តើអ្នកមកដល់ពេលណា?","tae nak mok dol pel na?","06 Time tracking\When did you get here (tae nak mok dol pel na).mp3","false"
"Time tracking","Today","ថ្ងៃនេះ","thngainih","06 Time tracking\Today (thngainih).mp3","false"
"Time tracking","Yesterday","ម្សិលមិញ","msel minh","06 Time tracking\Yesterday (msel minh).mp3","false"
"Time tracking","Two days ago","ពីរ​ថ្ងៃមុន","pir thngai mun","06 Time tracking\Two days ago (pir thngai mun).mp3","false"
"Time tracking","How long are you staying for?","តើអ្នកស្នាក់នៅរយៈពេលប៉ុន្មានដែរ?","tae nak snak nov royeak pel ponman deh?","06 Time tracking\How long are you staying for (tae nak snak nov royeak pel ponman deh).mp3","false"
"Time tracking","I'm leaving tomorrow","ខ្ញុំ​នឹង​ចេញ​ទៅនៅ​ថ្ងៃ​ស្អែក","khnhom​ neung​ chenh​ tov now​ thngai saek","06 Time tracking\I'm leaving tomorrow (khnhom​ neung​ chenh​ tov now​ thngai saek).mp3","false"
"Time tracking","I'll be leaving the day after tomorrow","ខ្ញុំនឹងចេញទៅថ្ងៃខានស្អែក","khnhom neung chenh tov thngai khan saek","06 Time tracking\I'll be leaving the day after tomorrow (khnhom neung chenh tov thngai khan saek).mp3","false"
"Time tracking","I'll be leaving the day after tomorrow","ខ្ញុំនឹងចេញទៅថ្ងៃខានស្អែក","khnhom neung chenh tov thngai khan saek","06 Time tracking\I'll be leaving the day after tomorrow (khnhom neung chenh tov thngai khan saek) 2.mp3","false"
"Time tracking","I'll be leaving in three days","ខ្ញុំនឹងចាកចេញទៅបីថ្ងៃទៀត","khnhom neung chakchenh nov bey thngai tiet","06 Time tracking\I'll be leaving in three days (khnhom neung chakchenh nov bey thngai tiet).mp3","false"
"Time tracking","I'll be leaving in three days","ខ្ញុំនឹងចេញទៅក្នុងរយៈពេលបីថ្ងៃទៀត","khnhom neung chenh tov royeak pel bey thngai tiet","06 Time tracking\I'll be leaving in three days (khnhom neung chenh tov royeak pel bey thngai tiet).mp3","false"
"Time tracking","Monday","ថ្ងៃច័ន្ទ","thngai chan","06 Time tracking\Monday (thngai chan).mp3","false"
"Time tracking","Tuesday","ថ្ងៃអង្គារ","thngai angkear","06 Time tracking\Tuesday (thngai angkear).mp3","false"
"Time tracking","Wednesday","ថ្ងៃពុធ","thngai puth","06 Time tracking\Wednesday (thngai puth).mp3","false"
"Time tracking","Thursday","ថ្ងៃព្រហស្បតិ៍","thngai prohas","06 Time tracking\Thursday (thngai prohas).mp3","false"
"Time tracking","Friday","ថ្ងៃសុក្រ","thngai sok","06 Time tracking\Friday (thngai sok).mp3","false"
"Time tracking","Saturday","ថ្ងៃសៅរ៍","thngai sao","06 Time tracking\Saturday (thngai sao).mp3","false"
"Time tracking","Sunday","ថ្ងៃអាទិត្យ","thngaia atit","06 Time tracking\Sunday (thngaia atit).mp3","false"
"Time tracking","January","មករា","makara","06 Time tracking\January (makara).mp3","false"
"Time tracking","February","កុម្ភៈ","kompheak","06 Time tracking\February (kompheak).mp3","false"
"Time tracking","March","មីនា","minea","06 Time tracking\March (minea).mp3","false"
"Time tracking","April","មេសា","mesa","06 Time tracking\April (mesa).mp3","false"
"Time tracking","May","ឧសភា","usaphea","06 Time tracking\May (usaphea).mp3","false"
"Time tracking","June","មិថុនា","mithona","06 Time tracking\June (mithona).mp3","false"
"Time tracking","July","កក្កដា","kakada","06 Time tracking\July (kakada).mp3","false"
"Time tracking","August","សីហា","seiha","06 Time tracking\August (seiha).mp3","false"
"Time tracking","September","កញ្ញា","kanh nha","06 Time tracking\September (kanh nha).mp3","false"
"Time tracking","October","តុលា","tola","06 Time tracking\October (tola).mp3","false"
"Time tracking","November","វិច្ឆិកា","vichcheka","06 Time tracking\November (vichcheka).mp3","false"
"Time tracking","December","ធ្នូ","thnou","06 Time tracking\December (thnou).mp3","false"
"Time tracking","What time are you leaving at?","តើអ្នកចេញទៅម៉ោងប៉ុន្មាន?","tae nak chenh maong ponman?","06 Time tracking\What time are you leaving at (tae nak chenh maong ponman).mp3","false"
"Time tracking","What time are you leaving at?","តើអ្នកចាកចេញនៅម៉ោងប៉ុន្មាន?","tae nak chak chenh nov maong ponman?","06 Time tracking\What time are you leaving at (tae nak chak chenh nov maong ponman).mp3","false"
"Time tracking","Morning, at eight o'clock","ព្រឹក ម៉ោងប្រាំបី","preuk, maong brambei","06 Time tracking\Morning, at eight o'clock (preuk, maong brambei).mp3","false"
"Time tracking","Morning, at eight o'clock","ពេលព្រឹក នៅម៉ោងប្រាំបី","pel preuk, nov maong brambei","06 Time tracking\Morning, at eight o'clock (pel preuk, nov maong brambei).mp3","false"
"Time tracking","Morning, at a quarter past 8","ព្រឹក ​ម៉ោង ៨ ដប់ប្រាំនាទី","preuk​ maong prambei dob pram neati","06 Time tracking\Morning, at a quarter past 8 (preuk​ maong prambei dob pram neati).mp3","false"
"Time tracking","Morning, at a quarter past 8","ពេលព្រឹក នៅម៉ោង ៨ ដប់ប្រាំនាទី","pel preuk​ nov maong prambei dob pram neati","06 Time tracking\Morning, at a quarter past 8 (pel preuk​ nov maong prambei dob pram neati).mp3","false"
"Time tracking","Morning, at half past 8","ព្រឹក​ ម៉ោង ៨ កន្លះ","preuk maong prambei kanlash","06 Time tracking\Morning, at half past 8 (preuk maong prambei kanlash).mp3","false"
"Time tracking","Morning, at a quarter to nine","ព្រឹក ម៉ោងប្រាំបួនខ្វះដប់ប្រាំនាទី","preuk maong pramboun klas dompram neati","06 Time tracking\Morning, at a quarter to nine (preuk maong pramboun klas dompram neati).mp3","false"
"Time tracking","Morning, at a quarter to nine","ពេលព្រឹក នៅម៉ោងប្រាំបួនខ្វះដប់ប្រាំនាទី","pel preuk nov maong pramboun klas dompram neati","06 Time tracking\Morning, at a quarter to nine (pel preuk nov maong pramboun klas dompram neati).mp3","false"
"Time tracking","Evening, at 6pm","ល្ងាច ម៉ោង៦","lngeach maong pramuoy","06 Time tracking\Evening, at 6pm (lngeach maong pramuoy).mp3","false"
"Time tracking","Evening, at 6pm","ពេលល្ងាច នៅម៉ោង ៦","pel lngeach nov maong pramuoy","06 Time tracking\Evening, at 6pm (pel lngeach nov maong pramuoy).mp3","false"
"Time tracking","I am late","ខ្ញុំ​មកយឺត","khnhom mok yoeut","06 Time tracking\I am late (khnhom mok yoeut).mp3","false"
"Time tracking","I am late","ខ្ញុំយឺតហើយ","khnhom yoeut haey","06 Time tracking\I am late (khnhom yoeut haey).mp3","false"
"Taxi","Taxi!","តាក់ស៊ី!","taksi!","07 Taxi\Taxi! (taksi!).mp3","false"
"Taxi","Where would you like to go?","តើ​អ្នក​ចង់​ទៅណា?","tae​ nak​ chang​ tov na?","07 Taxi\Where would you like to go (tae​ nak​ chang​ tov na).mp3","false"
"Taxi","Where would you like to go?","តើអ្នកចង់ទៅណាដែរ?","tae​ nak​ chang​ tov na deh?","07 Taxi\Where would you like to go (tae​ nak​ chang​ tov na deh).mp3","false"
"Taxi","I'm going to the train station","ខ្ញុំនឹងទៅស្ថានីយ៍រថភ្លើង","khnhom neung tov stha ni roth phleung","07 Taxi\I'm going to the train station (khnhom neung tov stha ni roth phleung).mp3","false"
"Taxi","I'm going to the Day and Night Hotel","ខ្ញុំនៅសណ្ឋាគារទាំងថ្ងៃទាំងយប់","khnhom nov santhakia taing thngai taing yub","07 Taxi\I'm going to the Day and Night Hotel (khnhom nov santhakia taing thngai taing yub).mp3","false"
"Taxi","I'm going to the Day and Night Hotel","ខ្ញុំទៅសណ្ឋាគាទាំងថ្ងៃទាំងយប់","khnhom tov santhakia taing thngai taing yub","07 Taxi\I'm going to the Day and Night Hotel (khnhom tov santhakia taing thngai taing yub).mp3","false"
"Taxi","Can you take me to the airport, please?","តើអ្នកអាចយកខ្ញុំទៅព្រលានយន្តហោះបានទេ?","tae nak arch yok khnhom tow prolean yon haoh ban te?","07 Taxi\Can you take me to the airport, please (tae nak arch yok khnhom tow prolean yon haoh ban te).mp3","false"
"Taxi","Can you take me to the airport, please?","តើអ្នកអាចនាំខ្ញុំទៅព្រលានយន្តហោះបានទេ?","tae nak arch noim khnhom tov prolean yon haoh ban te?","07 Taxi\Can you take me to the airport, please (tae nak arch noim khnhom tov prolean yon haoh ban te).mp3","false"
"Taxi","Can you take my luggage?","តើអ្នកអាចយកអីវ៉ាន់របស់ខ្ញុំបានទេ?","tae nak arch yok eivan robos khnhom ban te?","07 Taxi\Can you take my luggage (tae nak arch yok eivan robos khnhom ban te).mp3","false"
"Taxi","Can you take my luggage?","តើអ្នកអាចជួយយកឥវ៉ាន់ខ្ញុំបានទេ?","tae nak arch chhuoy yok eivan khnhom ban te?","07 Taxi\Can you take my luggage (tae nak arch chhuoy yok eivan khnhom ban te).mp3","false"
"Taxi","Is it far from here?","តើ​វា​ឆ្ងាយ​ពី​ទីនេះ​ដែរ​ទេ?","tae​ vea​ chhngay​ pi​ tinih​ der​ te?","07 Taxi\Is it far from here (tae​ vea​ chhngay​ pi​ tinih​ der​ te).mp3","false"
"Taxi","Is it far from here?","តើវានៅឆ្ងាយពីទីនេះទេ?","tae​ vea nov​ chhngay​ pi​ tinih​ te?","07 Taxi\Is it far from here (tae​ vea nov​ chhngay​ pi​ tinih​ te).mp3","false"
"Taxi","No it's close","អត់​ទេវានៅ​ជិតនេះ","ot​ te​ vea nov chit​ nih","07 Taxi\No it's close (ot​ te​ vea nov chit​ nih).mp3","false"
"Taxi","No it's close","ទេ គឺនៅជិតនេះ","te​ keu nov chit​ nih","07 Taxi\No it's close (te​ keu nov chit​ nih).mp3","false"
"Taxi","Yes it's a little bit further away","បាទ វានៅឆ្ងាយបន្តិច","bat vea nov chhngay bantich","07 Taxi\Yes it's a little bit further away (bat vea nov chhngay bantich).mp3","false"
"Taxi","Yes it's a little bit further away","បាទ វានៅរាងឆ្ងាយបន្តិច","bat vea nov chhngay bantich","07 Taxi\Yes it's a little bit further away (bat vea nov chhngay bantich) 2.mp3","false"
"Taxi","How much will it be?","តើអស់តម្លៃប៉ុន្មាន?","tae os tlai bonman?","07 Taxi\How much will it be (tae os tlai bonman).mp3","false"
"Taxi","How much will it be?","តើវាអស់ថ្លៃប៉ុន្មានដែរ?","tae os tlai bonman deh?","07 Taxi\How much will it be (tae os tlai bonman deh).mp3","false"
"Taxi","Take me there, please","សូម​ជូន​ខ្ញុំ​ទៅ​ទីនោះ","saum​ choun​ khnhom​ tov tinoh","07 Taxi\Take me there, please (saum​ choun​ khnhom​ tov tinoh).mp3","false"
"Taxi","Take me there, please","សូមនាំខ្ញុំទៅកាន់ទីនោះ","saum​ noim​ khnhom​ tov kan tinoh","07 Taxi\Take me there, please (saum​ noim​ khnhom​ tov kan tinoh).mp3","false"
"Taxi","You go right","អ្នកទៅខាងស្តាំ","nak tov khang sdam","07 Taxi\You go right (nak tov khang sdam).mp3","false"
"Taxi","You go right","អ្នកបត់ទៅស្តាំ","nak bot tov sdam","07 Taxi\You go right (nak bot tov sdam).mp3","false"
"Taxi","You go left","អ្នកទៅខាងឆ្វេង","nak tov khang chhveng","07 Taxi\You go left (nak tov khang chhveng).mp3","false"
"Taxi","You go left","អ្នកបត់ទៅឆ្វេង","nak bot tov chhveng","07 Taxi\You go left (nak bot tov chhveng).mp3","false"
"Taxi","It's straight on","ទៅត្រង់","tov trang","07 Taxi\It's straight on (tov trang).mp3","false"
"Taxi","It's straight on","ឆ្ពោះទៅត្រង់","chpus tov trang","07 Taxi\It's straight on (chpus tov trang).mp3","false"
"Taxi","It's right here","វានៅទីនេះ","vea nov tinih","07 Taxi\It's right here (vea nov tinih).mp3","false"
"Taxi","It's that way","វាគឺផ្លូវនោះហើយ","vea keu plov noh hauy","07 Taxi\It's that way (vea keu plov noh hauy).mp3","false"
"Taxi","Stop!","ឈប់!","chhub!","07 Taxi\Stop! (chhub!).mp3","false"
"Taxi","Take your time","ចំណាយពេលអ្នកចុះ","chamnaypel nak chos","07 Taxi\Take your time (chamnaypel nak chos).mp3","false"
"Taxi","Can I have a receipt, please?","តើខ្ញុំអាចសុំវិក័យប័ត្របានទេ?","tae khnhom arch som vikai bat ban te?","07 Taxi\Can I have a receipt, please (tae khnhom arch som vikai bat ban te).mp3","false"
"Taxi","Can I have a receipt, please?","តើខ្ញុំសុំវិក័យប័ត្របានដែរទេ?","tae khnhom som vikai bat ban deh te?","07 Taxi\Can I have a receipt, please (tae khnhom som vikai bat ban deh te).mp3","false"
"Family","Do you have family here?","តើអ្នកមានគ្រួសារនៅទីនេះទេ?","tae nak mean kruosar nov tinih te?","08 Family\Do you have family here (tae nak mean kruosar nov tinih te).mp3","false"
"Family","Do you have family here?","តើអ្នកមានគ្រួសារនៅទីនេះដែរឬទេ?","tae nak mean kruosar nov tinih deh reu te?","08 Family\Do you have family here (tae nak mean kruosar nov tinih deh reu te).mp3","false"
"Family","My father","ឪពុក​ខ្ញុំ","aupouk khnhom","08 Family\My father (aupouk khnhom).mp3","false"
"Family","My mother","ម្តាយ​ខ្ញុំ","mtay khnhom","08 Family\My mother (mtay khnhom).mp3","false"
"Family","My son","កូនប្រុស​ខ្ញុំ","kaunpros khnhom","08 Family\My son (kaunpros khnhom).mp3","false"
"Family","My son","កូនប្រុសរបស់ខ្ញុំ","kaunpros robos khnhom","08 Family\My son (kaunpros robos khnhom).mp3","false"
"Family","My daughter","កូនស្រី​ខ្ញុំ","kaunsrei khnhom","08 Family\My daughter (kaunsrei khnhom).mp3","false"
"Family","My daughter","កូនស្រីរបស់ខ្ញុំ","kaunsrei robos khnhom","08 Family\My daughter (kaunsrei robos khnhom).mp3","false"
"Family","A brother","បងប្រុសម្នាក់","bang bros mneak","08 Family\A brother (bang bros mneak).mp3","false"
"Family","a sister","បងស្រីម្នាក់","bangsrei mneak","08 Family\a sister (bangsrei mneak).mp3","false"
"Family","a sister","បងប្អូនស្រីម្នាក់","bang pa oun srei mneak","08 Family\a sister (bang pa oun srei mneak).mp3","false"
"Family","a friend","មិត្តម្នាក់","mit mneak","08 Family\a friend (mit mneak).mp3","false"
"Family","a friend","មិត្តសម្លាញ់ម្នាក់","mit samlanh mneak","08 Family\a friend (mit samlanh mneak).mp3","false"
"Family","a friend","មិត្តម្នាក់","mit mneak","08 Family\a friend (mit mneak) 2.mp3","false"
"Family","a friend","មិត្តភក្តិម្នាក់","mit pheak mneak","08 Family\a friend (mit pheak mneak).mp3","false"
"Family","My boyfriend","មិត្ត​ប្រុស​ខ្ញុំ","mitt bros khnhom","08 Family\My boyfriend (mitt bros khnhom).mp3","false"
"Family","My boyfriend","មិត្តស្រីរបស់ខ្ញុំ","mitt sei robos khnhom","08 Family\My boyfriend (mitt sei robos khnhom).mp3","false"
"Family","My girlfriend","មិត្ត​ស្រី​ខ្ញុំ","mit​ srei khnhom","08 Family\My girlfriend (mit​ srei khnhom).mp3","false"
"Family","My husband","ប្តី​ខ្ញុំ","btei khnhom","08 Family\My husband (btei khnhom).mp3","false"
"Family","My husband","ប្រពន្ធរបស់ខ្ញុំ","propon robos khnhom","08 Family\My husband (propon robos khnhom).mp3","false"
"Family","My wife","ប្រពន្ធ​ខ្ញុំ","braponth khnhom","08 Family\My wife (braponth khnhom).mp3","false"
"Family","My wife","ប្តីរបស់ខ្ញុំ","btei robos khnhom","08 Family\My wife (btei robos khnhom).mp3","false"
"Feelings","I really like your country","ខ្ញុំពិតជាចូលចិត្តប្រទេសរបស់អ្នក","khnhom pitchea chaul chet brates robosa nak","09 Feelings\I really like your country (khnhom pitchea chaul chet brates robosa nak).mp3","false"
"Feelings","I really like your country","ខ្ញុំពិតជាចូលចិត្តប្រទេសអ្នកណាស់","khnhom pitchea chaul chet brates nak nas","09 Feelings\I really like your country (khnhom pitchea chaul chet brates nak nas).mp3","false"
"Feelings","I love you","ខ្ញុំ​ស្រឡាញ់​អ្នក","khnhom​ sralanh nak","09 Feelings\I love you (khnhom​ sralanh nak).mp3","false"
"Feelings","I am happy","ខ្ញុំសប្បាយចិត្ត","khnhom sabbay chet","09 Feelings\I am happy (khnhom sabbay chet).mp3","false"
"Feelings","I am happy","ខ្ញុំសប្បាយចិត្ត","khnhom sabbay chet","09 Feelings\I am happy (khnhom sabbay chet) 2.mp3","false"
"Feelings","I am sad","ខ្ញុំ​ពិបាកចិត្ត","khnhom pibak chet","09 Feelings\I am sad (khnhom pibak chet).mp3","false"
"Feelings","I am sad","ខ្ញុំព្រួយចិត្ត","khnhom broi chet","09 Feelings\I am sad (khnhom broi chet).mp3","false"
"Feelings","I feel great here","ខ្ញុំមានអារម្មណ៍ល្អណាស់នៅទីនេះ","khnhom mean arom laor nas nov tinih","09 Feelings\I feel great here (khnhom mean arom laor nas nov tinih).mp3","false"
"Feelings","I feel great here","ខ្ញុំមានអារម្មណ៍ល្អខ្លាំងណាស់នៅទីនេះ","khnhom mean arom laor klang nas nov tinih","09 Feelings\I feel great here (khnhom mean arom laor klang nas nov tinih).mp3","false"
"Feelings","I am cold","ខ្ញុំ​ផ្ដាសាយ","khnhom phdasay","09 Feelings\I am cold (khnhom phdasay).mp3","false"
"Feelings","I am cold","ខ្ញុំកើតផ្តាសាយ","khnhom keut phdasay","09 Feelings\I am cold (khnhom keut phdasay).mp3","false"
"Feelings","I am hot","ខ្ញុំក្តៅខ្លួន","khnhom ktaw kloun","09 Feelings\I am hot (khnhom ktaw kloun).mp3","false"
"Feelings","I am hot","ខ្ញុំក្តៅខ្លួនហើយ","khnhom ktaw kloun haey","09 Feelings\I am hot (khnhom ktaw kloun haey).mp3","false"
"Feelings","It's too big","វាធំពេក","vea thom pek","09 Feelings\It's too big (vea thom pek).mp3","false"
"Feelings","It's too big","វាធំខ្លាំងណាស់","vea thom klang nas","09 Feelings\It's too big (vea thom klang nas).mp3","false"
"Feelings","It's too small","វាតូចពេក","vea tauch pek","09 Feelings\It's too small (vea tauch pek).mp3","false"
"Feelings","It's too small","វាតូចខ្លាំងណាស់","vea tauch klang nas","09 Feelings\It's too small (vea tauch klang nas).mp3","false"
"Feelings","It's perfect","វា​អស្ចារ្យ​ណាស់","vea​ aschar nas","09 Feelings\It's perfect (vea​ aschar nas).mp3","false"
"Feelings","It's perfect","វាអស្ចារ្យ","vea​ aschar","09 Feelings\It's perfect (vea​ aschar).mp3","false"
"Feelings","Do you want to go out tonight?","យប់នេះចង់ចេញក្រៅទេ?","yub nih chang chenh kraw te?","09 Feelings\Do you want to go out tonight (yub nih chang chenh kraw te).mp3","false"
"Feelings","Do you want to go out tonight?","តើអ្នកចង់ចេញទៅក្រៅយប់នេះទេ?","tae nak chang chenh tov kraw yub nih te?","09 Feelings\Do you want to go out tonight (tae nak chang chenh tov kraw yub nih te).mp3","false"
"Feelings","I would like to go out tonight","ខ្ញុំចង់ចេញទៅក្រៅយប់នេះ","khnhom chang chenh tow kraw yub nih","09 Feelings\I would like to go out tonight (khnhom chang chenh tow kraw yub nih).mp3","false"
"Feelings","I would like to go out tonight","ខ្ញុំចង់ចេញទៅក្រៅនៅយប់នេះ","khnhom chang chenh tow kraw nov yub nih","09 Feelings\I would like to go out tonight (khnhom chang chenh tow kraw nov yub nih).mp3","false"
"Feelings","It is a good idea","វាគឺជាគំនិតដ៏ល្អមួយ","vea keuchea kumnit dor laor muoy","09 Feelings\It is a good idea (vea keuchea kumnit dor laor muoy).mp3","false"
"Feelings","It is a good idea","វាគឺជាគំនិតល្អ","vea keuchea kumnit laor","09 Feelings\It is a good idea (vea keuchea kumnit laor).mp3","false"
"Feelings","I want to have fun","ខ្ញុំចង់មានភាពសប្បាយរីករាយ","khnhom chang mean pheap sabbay riekreay","09 Feelings\I want to have fun (khnhom chang mean pheap sabbay riekreay).mp3","false"
"Feelings","I want to have fun","ខ្ញុំចង់សប្បាយ","khnhom chang sabbay","09 Feelings\I want to have fun (khnhom chang sabbay).mp3","false"
"Feelings","It is not a good idea","វាមិនមែនជាគំនិតល្អទេ","vea minmen chea kumnit laor te","09 Feelings\It is not a good idea (vea minmen chea kumnit laor te).mp3","false"
"Feelings","It is not a good idea","វាមិនមែនជាគំនិតល្អនោះទេ","vea minmen chea kumnit laor nus te","09 Feelings\It is not a good idea (vea minmen chea kumnit laor nus te).mp3","false"
"Feelings","I don't want to go out tonight","ខ្ញុំ​មិន​ចង់​ចេញ​ក្រៅ​យប់​នេះ​ទេ","khnhom​ min​ chang​ chenh​ kraw​ yub​ nih​ te","09 Feelings\I don't want to go out tonight (khnhom​ min​ chang​ chenh​ kraw​ yub​ nih​ te).mp3","false"
"Feelings","I don't want to go out tonight","ខ្ញុំមិនចង់ចេញទៅក្រៅនៅយប់នេះទេ","khnhom​ min​ chang​ chenh​ tov kraw​ nov yub​ nih​ te","09 Feelings\I don't want to go out tonight (khnhom​ min​ chang​ chenh​ tov kraw​ nov yub​ nih​ te).mp3","false"
"Feelings","I want to rest","ខ្ញុំចង់សម្រាក","khnhom chang samrak","09 Feelings\I want to rest (khnhom chang samrak).mp3","false"
"Feelings","Would you like to do some sport?","តើអ្នកចង់លេងកីឡាខ្លះទេ?","tae nak chang leng keila khlash te?","09 Feelings\Would you like to do some sport (tae nak chang leng keila khlash te).mp3","false"
"Feelings","Would you like to do some sport?","តើអ្នកចង់លេងកីឡាខ្លះទេ?","tae nak chang leng keila khlash te?","09 Feelings\Would you like to do some sport (tae nak chang leng keila khlash te) 2.mp3","false"
"Feelings","Yes, I need to blow off some steam!","បាទ ខ្ញុំត្រូវការសម្រាក","bat khnhom trauvkar samrak","09 Feelings\Yes, I need to blow off some steam! (bat khnhom trauvkar samrak).mp3","false"
"Feelings","Yes, I need to blow off some steam!","ចាស ខ្ញុំត្រូវការសម្រាក","chars khnhom trauvkar samrak","09 Feelings\Yes, I need to blow off some steam! (chars khnhom trauvkar samrak).mp3","false"
"Feelings","I play tennis","ខ្ញុំលេងកីឡាវាយកូនបាល់","khnhom leng keila veay kaun bal","09 Feelings\I play tennis (khnhom leng keila veay kaun bal).mp3","false"
"Feelings","I play tennis","ខ្ញុំលេងតេនីស","khnhom leng tenis","09 Feelings\I play tennis (khnhom leng tenis).mp3","false"
"Feelings","No thanks. I am tired already","មិនអី​ទេ​អរគុណ។ ខ្ញុំនឿយហត់ហើយ។","min ey te​ arkun​ khnhom nuey hot haey","09 Feelings\No thanks. I am tired already (min ey te​ arkun​ khnhom nuey hot haey).mp3","false"
"Feelings","No thanks. I am tired already","អត់ទេ អរគុណ។ ខ្ញុំហត់ហើយ","ot te​ arkun​ khnhom hot haey","09 Feelings\No thanks. I am tired already (ot te​ arkun​ khnhom hot haey).mp3","false"
"Bar","The bar","ឌឹបារ","dae bar","10 Bar\The bar (dae bar).mp3","false"
"Bar","Would you like to have a drink?","តើអ្នកចង់ញ៉ាំភេសជ្ជៈទេ?","tae nak chang nham pheisacheak te?","10 Bar\Would you like to have a drink (tae nak chang nham pheisacheak te).mp3","false"
"Bar","Would you like to have a drink?","តើអ្នកចង់ពិសារភេសជ្ជៈទេ?","tae nak chang pisa pheisacheak te?","10 Bar\Would you like to have a drink (tae nak chang pisa pheisacheak te).mp3","false"
"Bar","To drink","ញ៉ាំ","nham","10 Bar\To drink (nham).mp3","false"
"Bar","To drink","ផឹក","phoeuk","10 Bar\To drink (phoeuk).mp3","false"
"Bar","Glass","កញ្ចក់","kanhchok","10 Bar\Glass (kanhchok).mp3","false"
"Bar","With pleasure","ដោយ​រីករាយ","daoy​ rikreay","10 Bar\With pleasure (daoy​ rikreay).mp3","false"
"Bar","What would you like?","តើ​អ្នក​ចូលចិត្ត​អ្វីដែរ?","tae​ nak​ chaulchet​ avei​ deh?","10 Bar\What would you like (tae​ nak​ chaulchet​ avei​ deh).mp3","false"
"Bar","What’s there to drink?","តើមានអ្វីផ្តល់ជូន?","tae mean avei phdol choun?","10 Bar\What’s there to drink (tae mean avei phdol choun).mp3","false"
"Bar","What’s there to drink?","តើមានផ្តល់ជូនអ្វីខ្លះ?","tae mean phdol choun avei klas?","10 Bar\What’s there to drink (tae mean phdol choun avei klas).mp3","false"
"Bar","There is water or fruit juices","មានទឹក ឬទឹកផ្លែឈើ","mean teuk rey teuk phleh chheu","10 Bar\There is water or fruit juices (mean teuk rey teuk phleh chheu).mp3","false"
"Bar","Water","ទឹក","teuk","10 Bar\Water (teuk).mp3","false"
"Bar","Can you add some ice cubes, please?","តើអ្នកអាចថែមដុំទឹកកកខ្លះបានទេ?","tae nak arch them domteukak klas ban te?","10 Bar\Can you add some ice cubes, please (tae nak arch them domteukak klas ban te).mp3","false"
"Bar","Can you add some ice cubes, please?","សូមថែមដុំទឹកកកខ្លះផងបានទេ?","saum them domteukak klas phong ban te?","10 Bar\Can you add some ice cubes, please (saum them domteukak klas phong ban te).mp3","false"
"Bar","Ice cubes","ដុំទឹកកក","domteukak","10 Bar\Ice cubes (domteukak).mp3","false"
"Bar","Chocolate","សូកូឡា","saukaula","10 Bar\Chocolate (saukaula).mp3","false"
"Bar","Milk","ទឹកដោះគោ","teukdohko","10 Bar\Milk (teukdohko).mp3","false"
"Bar","Tea","តែ","teh","10 Bar\Tea (teh).mp3","false"
"Bar","Coffee","កាហ្វេ","kahve","10 Bar\Coffee (kahve).mp3","false"
"Bar","With sugar","ជាមួយស្ករ","cheamuoy skar","10 Bar\With sugar (cheamuoy skar).mp3","false"
"Bar","With cream","ជាមួយក្រែម","cheamuoy kraem","10 Bar\With cream (cheamuoy kraem).mp3","false"
"Bar","Wine","ស្រា","sra","10 Bar\Wine (sra).mp3","false"
"Bar","Beer","ស្រាបៀរ","sra bier","10 Bar\Beer (sra bier).mp3","false"
"Bar","A tea please","សុំតែមួយ","som the muoy","10 Bar\A tea please (som the muoy).mp3","false"
"Bar","A beer please","សុំស្រាបៀរមួយ","saum srabier muoy","10 Bar\A beer please (saum srabier muoy).mp3","false"
"Bar","A beer please","សុំស្រាបៀរមួយកំប៉ុង","saum srabier muoy kampong","10 Bar\A beer please (saum srabier muoy kampong).mp3","false"
"Bar","What would you like to drink?","តើអ្នកចង់ផឹកអ្វីដែរ?","tae nak chang phoek avei deh?","10 Bar\What would you like to drink (tae nak chang phoek avei deh).mp3","false"
"Bar","What would you like to drink?","តើអ្នកចង់ញ៉ាំភេសជ្ជៈអ្វី?","tae nak chang nham phesacheak avei?","10 Bar\What would you like to drink (tae nak chang nham phesacheak avei).mp3","false"
"Bar","Two teas please!","សុំទឹកតែពីរកែវ!","saum teuk teh pir!","10 Bar\Two teas please! (saum teuk teh pir!).mp3","false"
"Bar","Two teas please!","សុំតែពីរកែរ!","saum teh pir keo!","10 Bar\Two teas please! (saum teh pir keo!).mp3","false"
"Bar","Two beers please!","សុំស្រាបៀរពីរកំប៉ុង!","saum srabier pir​ kampong!","10 Bar\Two beers please! (saum srabier pir​ kampong!).mp3","false"
"Bar","Two beers please!","សុំស្រាបៀរពីរកែវ!","saum srabier pir​ keo!","10 Bar\Two beers please! (saum srabier pir​ keo!).mp3","false"
"Bar","Nothing, thanks","ទេ អរគុណ","te arkun","10 Bar\Nothing, thanks (te arkun).mp3","false"
"Bar","Nothing, thanks","អត់ទេ អរគុណ","ot te arkun","10 Bar\Nothing, thanks (ot te arkun).mp3","false"
"Bar","Cheers!","ជល់មួយ!","chhul muoy!","10 Bar\Cheers! (chhul muoy!).mp3","false"
"Bar","Cheers!","លើកមួយ!","leuk muoy!","10 Bar\Cheers! (leuk muoy!).mp3","false"
"Bar","Cheers!","ជល់មួយ!","chhul muoy!","10 Bar\Cheers! (chhul muoy!) 2.mp3","false"
"Bar","Can we have the bill please?","សុំគិតលុយបានទេ?","saum kit luy ban te?","10 Bar\Can we have the bill please (saum kit luy ban te).mp3","false"
"Bar","Can we have the bill please?","សុំជួយគិតលុយផងបានទេ?","saum chhuoy kit luy phong ban te?","10 Bar\Can we have the bill please (saum chhuoy kit luy phong ban te).mp3","false"
"Bar","Excuse me, how much do I owe?","សុំទោស តើខ្ញុំនៅជំពាក់ប៉ុន្មាន?","somtos tae khnhom nov chumpeak bonman?","10 Bar\Excuse me, how much do I owe (somtos tae khnhom nov chumpeak bonman).mp3","false"
"Bar","Excuse me, how much do I owe?","សុំទោស តើខ្ញុំជំពាក់ប៉ុន្មានដែរ?","somtos tae khnhom chumpeak bonman deh?","10 Bar\Excuse me, how much do I owe (somtos tae khnhom chumpeak bonman deh).mp3","false"
"Bar","It's on me","ខ្ញុំជាអ្នកចេញលុយ","khnhom chea nak chenh luy","10 Bar\It's on me (khnhom chea nak chenh luy).mp3","false"
"Bar","It's on me","ខ្ញុំអ្នកប៉ាវ","khnhom nak pao","10 Bar\It's on me (khnhom nak pao).mp3","false"
"Restaurant","The restaurant","ភោជនីយដ្ឋាន","phochniedthan","11 Restaurant\The restaurant (phochniedthan).mp3","false"
"Restaurant","Would you like to eat?","តើអ្នកចង់ញ៉ាំទេ?","tae nak chang nham te?","11 Restaurant\Would you like to eat (tae nak chang nham te).mp3","false"
"Restaurant","Would you like to eat?","តើអ្នកចង់ញ៉ាំអីទេ?","tae nak chang nham avei te?","11 Restaurant\Would you like to eat (tae nak chang nham avei te).mp3","false"
"Restaurant","Yes, with pleasure","បាទ ដោយរីករាយ","bat daoy riekreay","11 Restaurant\Yes, with pleasure (bat daoy riekreay).mp3","false"
"Restaurant","Yes, with pleasure","ចាស តាមសប្បាយ","chars tam sabay","11 Restaurant\Yes, with pleasure (chars tam sabay).mp3","false"
"Restaurant","To eat","ញ៉ាំ","nham","11 Restaurant\To eat (nham).mp3","false"
"Restaurant","To eat","ទទួលទាន","tortuol tean","11 Restaurant\To eat (tortuol tean).mp3","false"
"Restaurant","Where can we eat?","តើយើងអាចញ៉ាំអីនៅឯណា?","tae yeung arch nham ey nov ena?","11 Restaurant\Where can we eat (tae yeung arch nham ey nov ena).mp3","false"
"Restaurant","Where can we eat?","តើយើងអាចញ៉ាំអីនៅកន្លែងណា?","tae yeung arch nham ey nov kanleng na?","11 Restaurant\Where can we eat (tae yeung arch nham ey nov kanleng na).mp3","false"
"Restaurant","Where can we have lunch?","តើយើងអាចញ៉ាំអាហារថ្ងៃត្រង់នៅឯណា?","tae yeung arch nham ahar thngaitrang nov ena?","11 Restaurant\Where can we have lunch (tae yeung arch nham ahar thngaitrang nov ena).mp3","false"
"Restaurant","Where can we have lunch?","តើយើងអាចញ៉ាំអាហារថ្ងៃត្រង់នៅកន្លែងណា?","tae yeung arch nham ahar thngaitrang nov kanleng na?","11 Restaurant\Where can we have lunch (tae yeung arch nham ahar thngaitrang nov kanleng na).mp3","false"
"Restaurant","Dinner","អាហារ​ល្ងាច","ahar ngeach","11 Restaurant\Dinner (ahar ngeach).mp3","false"
"Restaurant","Dinner","អាហារពេលល្ងាច","ahar pel ngeach","11 Restaurant\Dinner (ahar pel ngeach).mp3","false"
"Restaurant","Breakfast","អាហារព្រឹក","ahar preuk","11 Restaurant\Breakfast (ahar preuk).mp3","false"
"Restaurant","Breakfast","អាហារពេលព្រឹក","ahar pel preuk","11 Restaurant\Breakfast (ahar pel preuk).mp3","false"
"Restaurant","Excuse me !","សុំអភ័យទោស!","saum aphey tos!","11 Restaurant\Excuse me ! (saum aphey tos!).mp3","false"
"Restaurant","Excuse me !","អត់ទោស!","ottos!","11 Restaurant\Excuse me ! (ottos!).mp3","false"
"Restaurant","The menu, please","សុំមុខម្ហូប","saum mokmhoub","11 Restaurant\The menu, please (saum mokmhoub).mp3","false"
"Restaurant","The menu, please","សុំម៉ឺនុយ","saum menu","11 Restaurant\The menu, please (saum menu).mp3","false"
"Restaurant","Here is the menu","នេះគឺជាមុខម្ហូប","nih keuchea mokmhoub","11 Restaurant\Here is the menu (nih keuchea mokmhoub).mp3","false"
"Restaurant","Here is the menu","នេះគឺជាម៉ឺនុយ","nih keuchea menu","11 Restaurant\Here is the menu (nih keuchea menu).mp3","false"
"Restaurant","What do you prefer to eat? Meat or fish?","តើអ្នកចូលចិត្តញ៉ាំអ្វី? សាច់ ឬត្រី?","tae nak chaulchet nham avei? sach reu trei?","11 Restaurant\What do you prefer to eat Meat or fish (tae nak chaulchet nham avei sach reu trei).mp3","false"
"Restaurant","What do you prefer to eat? Meat or fish?","តើអ្នកចូលចិត្តញ៉ាំអ្វីដែរ? សាច់ ឬត្រី?","tae nak chaulchet nham avei deh? sach reu trei?","11 Restaurant\What do you prefer to eat Meat or fish (tae nak chaulchet nham avei deh sach reu trei).mp3","false"
"Restaurant","With rice","ជាមួយបាយ","cheamuoy bye","11 Restaurant\With rice (cheamuoy bye).mp3","false"
"Restaurant","With pasta","ជាមួយប៉ាស្តា","cheamuoy pasta","11 Restaurant\With pasta (cheamuoy pasta).mp3","false"
"Restaurant","Potatoes","ដំឡូងបារាំង","damlaung barang","11 Restaurant\Potatoes (damlaung barang).mp3","false"
"Restaurant","Vegetables","បន្លែ","banle","11 Restaurant\Vegetables (banle).mp3","false"
"Restaurant","Scrambled eggs - fried eggs - or a boiled egg","ស៊ុតចៀនក្រឡុក - ស៊ុតចៀន - ឬស៊ុតស្ងោរ","saout chien krolok - saout chien - reu saout sngor","11 Restaurant\Scrambled eggs - fried eggs - or a boiled egg (saout chien krolok - saout chien - reu saout sngor).mp3","false"
"Restaurant","Bread","នំបុ័ង","nompang","11 Restaurant\Bread (nompang).mp3","false"
"Restaurant","Butter","ប៊ឺ","beu","11 Restaurant\Butter (beu).mp3","false"
"Restaurant","Salad","សាឡាត់","salat","11 Restaurant\Salad (salat).mp3","false"
"Restaurant","Dessert","បង្អែម","bang aem","11 Restaurant\Dessert (bang aem).mp3","false"
"Restaurant","Fruit","ផ្លែឈើ","phle chheu","11 Restaurant\Fruit (phle chheu).mp3","false"
"Restaurant","Can I have a knife, please?","ខ្ញុំសុំកាំបិតបានទេ?","khnhom som kambet ban te?","11 Restaurant\Can I have a knife, please (khnhom som kambet ban te).mp3","false"
"Restaurant","Yes, I'll bring it to you right away","បាទ ខ្ញុំ​នឹង​យក​មក​ជូន​អ្នក​ភ្លាម","bat khnhom​ neung​ yok​ chhoun​ nak phleam","11 Restaurant\Yes, I'll bring it to you right away (bat khnhom​ neung​ yok​ chhoun​ nak phleam).mp3","false"
"Restaurant","Yes, I'll bring it to you right away","ចាស ខ្ញុំនឹងយកជូនភ្លាម","chars khnhom​ neung​ yok​ chhoun​ phleam","11 Restaurant\Yes, I'll bring it to you right away (chars khnhom​ neung​ yok​ chhoun​ phleam).mp3","false"
"Restaurant","a knife","កាំបិត​មួយ","kambet muoy","11 Restaurant\a knife (kambet muoy).mp3","false"
"Restaurant","a fork","សមមួយ","sam muoy","11 Restaurant\a fork (sam muoy).mp3","false"
"Restaurant","a spoon","ស្លាបព្រា​មួយ","slab prea muoy","11 Restaurant\a spoon (slab prea muoy).mp3","false"
"Restaurant","Is it a warm dish?","តើវាជាម្ហូបក្តៅ?","tae vea chea mhoub ktaw?","11 Restaurant\Is it a warm dish (tae vea chea mhoub ktaw).mp3","false"
"Restaurant","Is it a warm dish?","តើវាជាមុខម្ហូបក្តៅ?","tae vea chea muk mhoub ktaw?","11 Restaurant\Is it a warm dish (tae vea chea muk mhoub ktaw).mp3","false"
"Restaurant","Yes, and very spicy too!","មែនហើយ ពិតជាក្តៅណាស់!","menhaey pit chea ktaw nas!","11 Restaurant\Yes, and very spicy too! (menhaey pit chea ktaw nas!).mp3","false"
"Restaurant","Yes, and very spicy too!","មែនហើយ ក្តៅណាស់!","menhaey ktaw nas!","11 Restaurant\Yes, and very spicy too! (menhaey ktaw nas!).mp3","false"
"Restaurant","Warm","ក្តៅឧណ្ឌៗ","ktaw un un","11 Restaurant\Warm (ktaw un un).mp3","false"
"Restaurant","Warm","ក្តៅល្មម","ktaw lmorm","11 Restaurant\Warm (ktaw lmorm).mp3","false"
"Restaurant","Cold","ត្រជាក់","tracheak","11 Restaurant\Cold (tracheak).mp3","false"
"Restaurant","Hot","ក្តៅ","ktaw","11 Restaurant\Hot (ktaw).mp3","false"
"Restaurant","I'll have fish","ខ្ញុំញ៉ាំត្រី","khnhom nham trei","11 Restaurant\I'll have fish (khnhom nham trei).mp3","false"
"Restaurant","Me too","ខ្ញុំក៏អញ្ចឹងដែរ","khnhom kor anh choeung deh","11 Restaurant\Me too (khnhom kor anh choeung deh).mp3","false"
"Parting","It's late, I have to go!","យឺតហើយ ខ្ញុំត្រូវទៅ!","yeut haey khnhom trauv tow!","12 Parting\It's late, I have to go! (yeut haey khnhom trauv tow!).mp3","false"
"Parting","Shall we meet again?","តើយើងនឹងជួបគ្នាម្តងទៀតទេ?","tae yeung neung chuob knea mtong tiet te?","12 Parting\Shall we meet again (tae yeung neung chuob knea mtong tiet te).mp3","false"
"Parting","Shall we meet again?","តើយើងនឹងជួបគ្នាទៀតទេ?","tae yeung neung chuob knea tiet te?","12 Parting\Shall we meet again (tae yeung neung chuob knea tiet te).mp3","false"
"Parting","Yes with pleasure","ចាស ដោយរីករាយ","chars daoy riekreay","12 Parting\Yes with pleasure (chars daoy riekreay).mp3","false"
"Parting","Yes with pleasure","បាទ ដោយរីករាយ","bat daoy riekreay","12 Parting\Yes with pleasure (bat daoy riekreay).mp3","false"
"Parting","I live at this address","នេះជាអាសយដ្ឋានរបស់ខ្ញុំ","nih chea asai dthan robos khnhom","12 Parting\I live at this address (nih chea asai dthan robos khnhom).mp3","false"
"Parting","I live at this address","នេះគឺអាសយដ្ឋានខ្ញុំ","nih keu asai dthan khnhom","12 Parting\I live at this address (nih keu asai dthan khnhom).mp3","false"
"Parting","Do you have a phone number?","តើអ្នកមានលេខទូរស័ព្ទទេ?","tae nak mean lek tourasap te?","12 Parting\Do you have a phone number (tae nak mean lek tourasap te).mp3","false"
"Parting","Do you have a phone number?","តើអ្នកមានលេខទូរស័ព្ទដែរឬទេ?","tae nak mean lek tourasap deh reu te?","12 Parting\Do you have a phone number (tae nak mean lek tourasap deh reu te).mp3","false"
"Parting","Yes, here you go","បាទ នេះលេខ","bat nih lek","12 Parting\Yes, here you go (bat nih lek).mp3","false"
"Parting","Yes, here you go","ចាស នេះជាលេខខ្ញុំ","chars nih chea lek khnhom","12 Parting\Yes, here you go (chars nih chea lek khnhom).mp3","false"
"Parting","I had a lovely time","ខ្ញុំ​មាន​ពេល​ល្អណាស់","khnhom​ mean​ pel​​ laor nas","12 Parting\I had a lovely time (khnhom​ mean​ pel​​ laor nas).mp3","false"
"Parting","I had a lovely time","ខ្ញុំមានពេលវេលាល្អណាស់","khnhom​ mean​ pel​ velea​ laor nas","12 Parting\I had a lovely time (khnhom​ mean​ pel​ velea​ laor nas).mp3","false"
"Parting","Me too, it was a pleasure to meet you","ខ្ញុំក៏អញ្ចឹងដែរ រីករាយដែលបានជួបអ្នក","khnhom ka anh chheoung deh riekriey del ban chuob nak","12 Parting\Me too, it was a pleasure to meet you (khnhom ka anh chheoung deh riekriey del ban chuob nak).mp3","false"
"Parting","Me too, it was a pleasure to meet you","ខ្ញុំក៏អញ្ចឹងដែរ រីករាយបានជួយអ្នក","khnhom ka anh chheoung deh riekriey ban chuob nak","12 Parting\Me too, it was a pleasure to meet you (khnhom ka anh chheoung deh riekriey ban chuob nak).mp3","false"
"Parting","We will see each other soon","យើងនឹងជួបគ្នាឆាប់ៗនេះ","yeung neung chuob knea chab chab nih","12 Parting\We will see each other soon (yeung neung chuob knea chab chab nih).mp3","false"
"Parting","We will see each other soon","យើងនឹងជួបគ្នាទៀតឆាប់ៗ","yeung neung chuob knea tiet chab chab","12 Parting\We will see each other soon (yeung neung chuob knea tiet chab chab).mp3","false"
"Parting","I hope so too","ខ្ញុំក៏សង្ឃឹមអញ្ចឹងដែរ","khnhom ka sangkheum anh cheung deh","12 Parting\I hope so too (khnhom ka sangkheum anh cheung deh).mp3","false"
"Parting","I hope so too","ខ្ញុំក៏សង្ឃឹមថាដូច្នោះដែរ","khnhom ka sangkheum tha doch chnos deh","12 Parting\I hope so too (khnhom ka sangkheum tha doch chnos deh).mp3","false"
"Parting","Goodbye","លាសិនហើយ","lea sen haey","12 Parting\Goodbye (lea sen haey).mp3","false"
"Parting","Goodbye","លាហើយ","lea haey","12 Parting\Goodbye (lea haey).mp3","false"
"Parting","See you tomorrow","ស្អែក​ជួប​គ្នា","saek​ chuob​ knea","12 Parting\See you tomorrow (saek​ chuob​ knea).mp3","false"
"Parting","See you tomorrow","ជួបគ្នាថ្ងៃស្អែក","chuob​ knea thngai saek","12 Parting\See you tomorrow (chuob​ knea thngai saek).mp3","false"
"Parting","Bye!","លាហើយ!","lea haey!","12 Parting\Bye! (lea haey!).mp3","false"
"Transportation","Excuse me! I'm looking for the bus stop","សុំទោស! ខ្ញុំកំពុងស្វែងរកចំណតឡានក្រុង","somtos! khnhom kampoung svengork chamnort larn krong","13 Transportation\Excuse me! I'm looking for the bus stop (somtos! khnhom kampoung svengork chamnort larn krong).mp3","false"
"Transportation","Excuse me! I'm looking for the bus stop","សុំទោស ខ្ញុំកំពុងតែស្វែងរកចំណតរថយន្តក្រុង","somtos! khnhom kampoung teh svengork chamnort ratyon krong","13 Transportation\Excuse me! I'm looking for the bus stop (somtos! khnhom kampoung teh svengork chamnort ratyon krong).mp3","false"
"Transportation","How much is a ticket to Sun City?","សំបុត្រទៅ Sun City តម្លៃប៉ុន្មាន?","sambot tov Sun City dtamlai bonman?","13 Transportation\How much is a ticket to Sun City (sambot tov Sun City dtamlai bonman).mp3","false"
"Transportation","How much is a ticket to Sun City?","តើសំបុត្រទៅ Sun City ថ្លៃប៉ុន្មានដែរ?","tae sambot tov Sun City tlai bonman deh?","13 Transportation\How much is a ticket to Sun City (tae sambot tov Sun City tlai bonman deh).mp3","false"
"Transportation","Where does this train go, please?","តើរថភ្លើងនេះទៅណាដែរ?","tae roth phleung nih tov na deh?","13 Transportation\Where does this train go, please (tae roth phleung nih tov na deh).mp3","false"
"Transportation","Where does this train go, please?","តើរថភ្លើងនេះទៅកន្លែងណាដែរ?","tae roth phleung nih tov kanleng na deh?","13 Transportation\Where does this train go, please (tae roth phleung nih tov kanleng na deh).mp3","false"
"Transportation","Does this train stop at Sun City?","តើរថភ្លើងនេះឈប់នៅ Sun City មែនទេ?","tae roth phleung nih chhub nov Sun City mante?","13 Transportation\Does this train stop at Sun City (tae roth phleung nih chhub nov Sun City mante).mp3","false"
"Transportation","When does the train for Sun City leave?","តើរថភ្លើងទៅ Sun City ចេញនៅពេលណា?","tae roth phleung tov Sun City chenh nov pel na?","13 Transportation\When does the train for Sun City leave (tae roth phleung tov Sun City chenh nov pel na).mp3","false"
"Transportation","When does the train for Sun City leave?","តើរថភ្លើងទៅ Sun City ចេញពេលណាដែរ?","tae roth phleung tov Sun City chenh pel na deh?","13 Transportation\When does the train for Sun City leave (tae roth phleung tov Sun City chenh pel na deh).mp3","false"
"Transportation","When does the train to the City of the Sun arrive?","តើ​រថភ្លើង​នេះ​មក​ដល់​ Sun City នៅ​ពេល​ណា?","tae​ roth phleung​ nih​ mok​ dol Sun City nov​ pel​ na?","13 Transportation\When does the train to the City of the Sun arrive (tae​ roth phleung​ nih​ mok​ dol Sun City nov​ pel​ na).mp3","false"
"Transportation","When does the train to the City of the Sun arrive?","តើរថភ្លើងនេះមកដល់ Sun City ពេលណាដែរ?","tae​ roth phleung​ nih​ mok​ dol Sun City pel​ na deh?","13 Transportation\When does the train to the City of the Sun arrive (tae​ roth phleung​ nih​ mok​ dol Sun City pel​ na deh).mp3","false"
"Transportation","A ticket for Sun City, please","សុំសំបុត្រសម្រាប់ Sun City មួយ","som sombot samrab Sun City muoy","13 Transportation\A ticket for Sun City, please (som sombot samrab Sun City muoy).mp3","false"
"Transportation","A ticket for Sun City, please","សុំសំបុត្រទៅ Sun City មួយ","som sombot tov Sun City muoy","13 Transportation\A ticket for Sun City, please (som sombot tov Sun City muoy).mp3","false"
"Transportation","Do you have the train's time table?","តើអ្នកមានតារាងម៉ោងរថភ្លើងចេញទេ?","tae nak mean tarang maong roth phleung chenh te?","13 Transportation\Do you have the train's time table (tae nak mean tarang maong roth phleung chenh te).mp3","false"
"Transportation","Thanks","សូមអរគុណ","saum arkun","13 Transportation\Thanks (saum arkun).mp3","false"
"Transportation","Do you have the train's time table?","តើអ្នកមានតារាងពេលវេលារថភ្លើងចេញទេ?","tae nak mean tarang pel velea roth phleung chenh te?","13 Transportation\Do you have the train's time table (tae nak mean tarang pel velea roth phleung chenh te).mp3","false"
"Transportation","Thanks","អរគុណ","arkun","13 Transportation\Thanks (arkun).mp3","false"
"Transportation","Bus schedule","កាលវិភាគឡានក្រុង","kalvipheak lan krong","13 Transportation\Bus schedule (kalvipheak lan krong).mp3","false"
"Transportation","Bus schedule","កាលវិភាគរថយន្តក្រុង","kalvipheak atyon krong","13 Transportation\Bus schedule (kalvipheak atyon krong).mp3","false"
"Transportation","Excuse me, which train goes to Sun City?","សុំទោស តើរថភ្លើងមួយណាទៅ Sun City?","somtos tae roth phleung muoy na tov Sun City?","13 Transportation\Excuse me, which train goes to Sun City (somtos tae roth phleung muoy na tov Sun City).mp3","false"
"Transportation","Excuse me, which train goes to Sun City?","សុំទោស តើរថភ្លើងណាមួយទៅ Sun City?","somtos tae roth phleung na muoy tov Sun City?","13 Transportation\Excuse me, which train goes to Sun City (somtos tae roth phleung na muoy tov Sun City).mp3","false"
"Transportation","It’s that one","មួយ​នេះ","muoy nih","13 Transportation\It’s that one (muoy nih).mp3","false"
"Transportation","It’s that one","គឺមួយនេះ","keu muoy nih","13 Transportation\It’s that one (keu muoy nih).mp3","false"
"Transportation","Don't mention it, have a good trip!","កុំរំលឹកអី សូមធ្វើដំណើរដោយរីករាយ!","kom rumleuk ei saum thveudamnaer doy riekriey!","13 Transportation\Don't mention it, have a good trip! (kom rumleuk ei saum thveudamnaer doy riekriey!).mp3","false"
"Transportation","Don't mention it, have a good trip!","មិនបាច់និយាយទេ សូមធ្វើដំណើរឲ្យបានសុខ!","minbach niyeay te saum thveudamnaer oy ban sok!","13 Transportation\Don't mention it, have a good trip! (minbach niyeay te saum thveudamnaer oy ban sok!).mp3","false"
"Transportation","The garage","យានដ្ឋាន","yean dthan","13 Transportation\The garage (yean dthan).mp3","false"
"Transportation","The petrol station","ស្ថានីយ៍ប្រេងឥន្ធនៈ","stha ni breng enthaneak","13 Transportation\The petrol station (stha ni breng enthaneak).mp3","false"
"Transportation","A full tank, please","សូមចាក់មួយពេញ","saum chak muoy penh","13 Transportation\A full tank, please (saum chak muoy penh).mp3","false"
"Transportation","A full tank, please","សុំមួយពេញធុង","saum muoy penh thung","13 Transportation\A full tank, please (saum muoy penh thung).mp3","false"
"Transportation","Bike","កង់","kang","13 Transportation\Bike (kang).mp3","false"
"Transportation","Town centre","កណ្តាលក្រុង","kandal krong","13 Transportation\Town centre (kandal krong).mp3","false"
"Transportation","Town centre","កណ្តាលទីក្រុង","kandal tikrong","13 Transportation\Town centre (kandal tikrong).mp3","false"
"Transportation","Suburb","ជាយក្រុង","cheay krong","13 Transportation\Suburb (cheay krong).mp3","false"
"Transportation","Suburb","ជាយទីក្រុង","cheay tikrong","13 Transportation\Suburb (cheay tikrong).mp3","false"
"Transportation","It's a big city","វាជាទីក្រុងមួយ","vea chea tikrong muoy","13 Transportation\It's a big city (vea chea tikrong muoy).mp3","false"
"Transportation","It's a big city","វាគឺជាក្រុងមួយ","vea keu chea krong muoy","13 Transportation\It's a big city (vea keu chea krong muoy).mp3","false"
"Transportation","It is a village","វាជាភូមិមួយ","vea chea phoum muoy","13 Transportation\It is a village (vea chea phoum muoy).mp3","false"
"Transportation","A mountain","ភ្នំ​មួយ","phnom muoy","13 Transportation\A mountain (phnom muoy).mp3","false"
"Transportation","a lake","បឹង​មួយ","boeng muoy","13 Transportation\a lake (boeng muoy).mp3","false"
"Transportation","The countryside","ជនបទ","chon both","13 Transportation\The countryside (chon both).mp3","false"
"Hotel","The hotel","សណ្ឋាគារ","santhakia","14 Hotel\The hotel (santhakia).mp3","false"
"Hotel","Apartment","ផ្ទះល្វែង","phteah lveng","14 Hotel\Apartment (phteah lveng).mp3","false"
"Hotel","Welcome!","សូមស្វាគមន៍!","saum svakum!","14 Hotel\Welcome! (saum svakum!).mp3","false"
"Hotel","Welcome!","ស្វាគមន៍!","svakum!","14 Hotel\Welcome! (svakum!).mp3","false"
"Hotel","Do you have a room available?","តើអ្នកមានបន្ទប់ទំនេរទេ?","tae nak mean bantub tumner te?","14 Hotel\Do you have a room available (tae nak mean bantub tumner te).mp3","false"
"Hotel","Do you have a room available?","តើមានបន្ទប់នៅសល់ទេ?","tae mean bantub nov sal te?","14 Hotel\Do you have a room available (tae mean bantub nov sal te).mp3","false"
"Hotel","Is there a bathroom in the room?","តើមានបន្ទប់ទឹកនៅក្នុងបន្ទប់ទេ?","tae mean bantubteuk nov knong bantub te?","14 Hotel\Is there a bathroom in the room (tae mean bantubteuk nov knong bantub te).mp3","false"
"Hotel","Is there a bathroom in the room?","តើមានបន្ទប់ទឹកក្នុងបន្ទប់ទេ?","tae mean bantubteuk knong bantub te?","14 Hotel\Is there a bathroom in the room (tae mean bantubteuk knong bantub te).mp3","false"
"Hotel","Would you prefer two single beds?","តើអ្នកចង់បានគ្រែគេងពីរក្នុងបន្ទប់តែមួយទេ?","tae nak chang ban kreh keng pir nov knong bantub temuoy te?","14 Hotel\Would you prefer two single beds (tae nak chang ban kreh keng pir nov knong bantub temuoy te).mp3","false"
"Hotel","Do you wish to have a twin room?","តើអ្នកចង់បានបន្ទប់ភ្លោះទេ?","tae nak chang ban bantub phluh te?","14 Hotel\Do you wish to have a twin room (tae nak chang ban bantub phluh te).mp3","false"
"Hotel","Do you wish to have a twin room?","តើអ្នកចង់មានបន្ទប់ពីរទេ?","tae nak chang man bantub pir te?","14 Hotel\Do you wish to have a twin room (tae nak chang man bantub pir te).mp3","false"
"Hotel","A room with bathtub - with balcony - with shower","បន្ទប់មួយមានអាងងូតទឹក - មានយ៉រ - កន្លែងងូតទឹកផ្កាឈូក","bantub muoy mean ang ngout teuk - mean yor - kanleng ngout teuk phkachhouk","14 Hotel\A room with bathtub - with balcony - with shower (bantub muoy mean ang ngout teuk - mean yor - kanleng ngout teuk phkachhouk).mp3","false"
"Hotel","Room with breakfast included","គ្រែ​គេង និង​អាហារ​ពេល​ព្រឹក","kre​h keng ning​ ahar​ pel preuk","14 Hotel\Room with breakfast included (kre​h keng ning​ ahar​ pel preuk).mp3","false"
"Hotel","How much is it for a night?","តើមួយយប់តម្លៃប៉ុន្មាន?","tae muoy yub tamlai bonman?","14 Hotel\How much is it for a night (tae muoy yub tamlai bonman).mp3","false"
"Hotel","I would like to see the room first","ខ្ញុំចង់មើលបន្ទប់សិន","khnhom chang meul bantub sen","14 Hotel\I would like to see the room first (khnhom chang meul bantub sen).mp3","false"
"Hotel","I would like to see the room first","ខ្ញុំចង់ឃើញបន្ទប់ជាមុនសិន","khnhom chang keunh bantub cheamun sen","14 Hotel\I would like to see the room first (khnhom chang keunh bantub cheamun sen).mp3","false"
"Hotel","Yes, of course","ចាស បាន","chars ban","14 Hotel\Yes, of course (chars ban).mp3","false"
"Hotel","Yes, of course","បាទ បាន","bat ban","14 Hotel\Yes, of course (bat ban).mp3","false"
"Hotel","Thank you, the room is very nice","អរគុណ បន្ទប់ស្អាតណាស់","arkun bantub saart nas","14 Hotel\Thank you, the room is very nice (arkun bantub saart nas).mp3","false"
"Hotel","OK, can I reserve for tonight?","យល់ព្រម តើខ្ញុំអាចកក់សម្រាប់យប់នេះបានទេ?","yolprom tae khnhom arch kok samreab yob nih ban te?","14 Hotel\OK, can I reserve for tonight (yolprom tae khnhom arch kok samreab yob nih ban te).mp3","false"
"Hotel","OK, can I reserve for tonight?","យល់ព្រម តើខ្ញុំអាចកក់សម្រាប់យប់នេះបានដែរទេ?","yolprom tae khnhom arch kok samreab yob nih ban deh te?","14 Hotel\OK, can I reserve for tonight (yolprom tae khnhom arch kok samreab yob nih ban deh te).mp3","false"
"Hotel","It’s a bit too expensive for me, thank you","វារាងថ្លៃពេកសម្រាប់ខ្ញុំ អរគុណ","vea reang tlai pek samrab khnhom arkun","14 Hotel\It’s a bit too expensive for me, thank you (vea reang tlai pek samrab khnhom arkun).mp3","false"
"Hotel","It’s a bit too expensive for me, thank you","វារាងថ្លៃបន្តិចសម្រាប់ខ្ញុំ អរគុណ","vea reang tlai bantech samrab khnhom arkun","14 Hotel\It’s a bit too expensive for me, thank you (vea reang tlai bantech samrab khnhom arkun).mp3","false"
"Hotel","Could you take care of my luggage, please?","សូមទុកអីវ៉ាន់ឲ្យខ្ញុំផងបានទេ?","saum tuk eivan oy khnhom phong ban te?","14 Hotel\Could you take care of my luggage, please (saum tuk eivan oy khnhom phong ban te).mp3","false"
"Hotel","Where is my room, please?","បន្ទប់ខ្ញុំនៅឯណា?","bantob khnhom nov ena?","14 Hotel\Where is my room, please (bantob khnhom nov ena).mp3","false"
"Hotel","Where is my room, please?","តើបន្ទប់ខ្ញុំនៅឯណា?","tae bantob khnhom nov ena?","14 Hotel\Where is my room, please (tae bantob khnhom nov ena).mp3","false"
"Hotel","It is on the first floor","នៅជាន់ទីមួយ","nov cheanti muoy","14 Hotel\It is on the first floor (nov cheanti muoy).mp3","false"
"Hotel","It is on the first floor","នៅជាន់ទីមួយ","nov cheanti muoy","14 Hotel\It is on the first floor (nov cheanti muoy) 2.mp3","false"
"Hotel","Is there a lift?","តើមានជណ្តើរយន្តទេ?","tae mean chunder yon te?","14 Hotel\Is there a lift (tae mean chunder yon te).mp3","false"
"Hotel","Is there a lift?","តើមានជណ្តើរយន្តដែរទេ?","tae mean chunder yon deh te?","14 Hotel\Is there a lift (tae mean chunder yon deh te).mp3","false"
"Hotel","The elevator is on your left","ជណ្តើរយន្តនៅខាងឆ្វេងដៃអ្នក","chunder yon nov khang chveng dai nak","14 Hotel\The elevator is on your left (chunder yon nov khang chveng dai nak).mp3","false"
"Hotel","The elevator is on your left","ជណ្តើរយន្តនៅខាងឆ្វេងដៃអ្នក","chunder yon nov khang chveng dai nak","14 Hotel\The elevator is on your left (chunder yon nov khang chveng dai nak) 2.mp3","false"
"Hotel","The elevator is on your right","ជណ្តើរយន្តនៅខាងស្តាំដៃអ្នក","chunder yon nov khang sdam dai nak","14 Hotel\The elevator is on your right (chunder yon nov khang sdam dai nak).mp3","false"
"Hotel","The elevator is on your right","ជណ្តើរយន្តនៅខាងស្តាំដៃអ្នក","chunder yon nov khang sdam dai nak","14 Hotel\The elevator is on your right (chunder yon nov khang sdam dai nak) 2.mp3","false"
"Hotel","Where is the laundry room, please?","តើបន្ទប់បោកអ៊ុតនៅឯណា?","taeu bantub bok utt nov ena?","14 Hotel\Where is the laundry room, please (taeu bantub bok utt nov ena).mp3","false"
"Hotel","Where is the laundry room, please?","តើបន្ទប់បោកអ៊ុតនៅកន្លែងណា?","taeu bantub bok utt nov kanleng na?","14 Hotel\Where is the laundry room, please (taeu bantub bok utt nov kanleng na).mp3","false"
"Hotel","It is on the ground floor","នៅជាន់ផ្ទាល់ដី","nov choin phtal dei","14 Hotel\It is on the ground floor (nov choin phtal dei).mp3","false"
"Hotel","It is on the ground floor","នៅជាន់ផ្ទាល់ដី","nov choin phtal dei","14 Hotel\It is on the ground floor (nov choin phtal dei) 2.mp3","false"
"Hotel","Ground floor","ជាន់ផ្ទាល់ដី","choin phtal dei","14 Hotel\Ground floor (choin phtal dei).mp3","false"
"Hotel","Bedroom","បន្ទប់គេង","bantub keng","14 Hotel\Bedroom (bantub keng).mp3","false"
"Hotel","Dry cleaner's","ម៉ាស៊ីនសម្អាតស្ងួត","masin samaat snguot","14 Hotel\Dry cleaner's (masin samaat snguot).mp3","false"
"Hotel","Dry cleaner's","ឧបករណ៍សម្អាតស្ងួត","ubkor samaat snguot","14 Hotel\Dry cleaner's (ubkor samaat snguot).mp3","false"
"Hotel","Hair salon","ហាង​ធ្វើសក់","hang thveusak","14 Hotel\Hair salon (hang thveusak).mp3","false"
"Hotel","Car parking","ចំណតរថយន្ត","chamnat rat yon","14 Hotel\Car parking (chamnat rat yon).mp3","false"
"Hotel","Car parking","កន្លែងចតឡាន","chamnat larn","14 Hotel\Car parking (chamnat larn).mp3","false"
"Hotel","Let's meet in the meeting room?","តោះយើងជួបគ្នាក្នុងបន្ទប់ប្រជុំ?","taoh yeoung chuob knea nov knong bantob brachum?","14 Hotel\Let's meet in the meeting room (taoh yeoung chuob knea nov knong bantob brachum).mp3","false"
"Hotel","Let's meet in the meeting room?","តោះយើងជួបគ្នានៅបន្ទប់ប្រជុំ?","taoh yeoung chuob knea nov bantob brachum?","14 Hotel\Let's meet in the meeting room (taoh yeoung chuob knea nov bantob brachum).mp3","false"
"Hotel","Meeting room","បន្ទប់​ប្រជុំ","bantub brachum","14 Hotel\Meeting room (bantub brachum).mp3","false"
"Hotel","Meeting room","សាលប្រជុំ","sarl brachum","14 Hotel\Meeting room (sarl brachum).mp3","false"
"Hotel","The swimming pool is heated","អាងហែលទឹកក្តៅហើយ","anghelteuk ban kdavh haey","14 Hotel\The swimming pool is heated (anghelteuk ban kdavh haey).mp3","false"
"Hotel","The swimming pool is heated","អាងហែលទឹកកម្តៅរួចហើយ","anghelteuk kam dav rouch haey","14 Hotel\The swimming pool is heated (anghelteuk kam dav rouch haey).mp3","false"
"Hotel","Swimming pool","អាងហែលទឹក","anghelteuk","14 Hotel\Swimming pool (anghelteuk).mp3","false"
"Hotel","Please, wake me up at seven a.m.","សូមដាស់ខ្ញុំនៅម៉ោងប្រាំពីរព្រឹក","saum das khnhom nov maong brampir preuk","14 Hotel\Please, wake me up at seven a.m. (saum das khnhom nov maong brampir preuk).mp3","false"
"Hotel","The key, please","សុំសោរ","somso","14 Hotel\The key, please (somso).mp3","false"
"Hotel","The pass, please","សុំសំបុត្រ","som sambot","14 Hotel\The pass, please (som sambot).mp3","false"
"Hotel","Are there any messages for me?","តើមានសារសម្រាប់ខ្ញុំទេ?","tae mean sar samrab khnhom te?","14 Hotel\Are there any messages for me (tae mean sar samrab khnhom te).mp3","false"
"Hotel","Are there any messages for me?","តើមានសារអ្វីសម្រាប់ខ្ញុំដែរទេ?","tae mean sar avei samrab khnhom deh te?","14 Hotel\Are there any messages for me (tae mean sar avei samrab khnhom deh te).mp3","false"
"Hotel","Yes, here you are","ចាស នេះសម្រាប់អ្នក","chars nih samrab nak","14 Hotel\Yes, here you are (chars nih samrab nak).mp3","false"
"Hotel","Yes, here you are","បាទ នេះគឺសម្រាប់អ្នក","bat nih keu samrab nak","14 Hotel\Yes, here you are (bat nih keu samrab nak).mp3","false"
"Hotel","No, you haven’t received anything","ទេ យើងមិនបានទទួលអ្វីនោះទេ","te yeung minban tortuol avei nus te","14 Hotel\No, you haven’t received anything (te yeung minban tortuol avei nus te).mp3","false"
"Hotel","Where can I get some change?","តើខ្ញុំអាចប្តូរប្រាក់បាននៅកន្លែងណា?","tae khnhom arch phdo prak ban nov kangleng na?","14 Hotel\Where can I get some change (tae khnhom arch phdo prak ban nov kangleng na).mp3","false"
"Hotel","Where can I get some change?","តើខ្ញុំអាចទៅប្តូរប្រាក់បាននៅកន្លែងណាដែឬ?","tae khnhom arch tov phdo prak ban nov kangleng na deh?","14 Hotel\Where can I get some change (tae khnhom arch tov phdo prak ban nov kangleng na deh).mp3","false"
"Hotel","Please can you give me some change?","សូមជួយ​ប្តូ​រ​ប្រាក់ឲ្យខ្ញុំផង​បានទេ?","saum​ chuoy phdo brak oy khnhom phong ban te?","14 Hotel\Please can you give me some change (saum​ chuoy phdo brak oy khnhom phong ban te).mp3","false"
"Hotel","Please can you give me some change?","សូមជួយប្តូរប្រាក់ខ្លះឲ្យខ្ញុំផងបានទេ?","saum​ chuoy phdo brak klas oy khnhom phong ban te?","14 Hotel\Please can you give me some change (saum​ chuoy phdo brak klas oy khnhom phong ban te).mp3","false"
"Hotel","Yes, we can exchange it for you. How much would you like to change?","យើង​អាច​ជួយអ្នក​បានខ្លះ​​ តើ​អ្នក​ចង់​ប្តូរប៉ុន្មាន?","yeung​ arch​ chhuoy nak ban​ khlah​ tae​ nak​ chang​ bdo​ bonman?","14 Hotel\Yes, we can exchange it for you. How much would you like to change (yeung​ arch​ chhuoy nak ban​ khlah​ tae​ nak​ chang​ bdo​ bonman).mp3","false"
"Looking for someone","Excuse me, is Sarah here?","សូមទោស តើសារ៉ានៅទីនេះទេ?","tos tae sara nov tinih te?","15 Looking for someone\Excuse me, is Sarah here (tos tae sara nov tinih te).mp3","false"
"Looking for someone","Excuse me, is Sarah here?","សុំទោស តើសារ៉ានៅទេ?","som tos tae sara nov te?","15 Looking for someone\Excuse me, is Sarah here (som tos tae sara nov te).mp3","false"
"Looking for someone","Yes, she's here","ចាស គាត់នៅទីនេះ","chars koit nov tinih","15 Looking for someone\Yes, she's here (chars koit nov tinih).mp3","false"
"Looking for someone","Yes, she's here","បាទ នាងនៅទីនេះ","bat neang nov tinih","15 Looking for someone\Yes, she's here (bat neang nov tinih).mp3","false"
"Looking for someone","She's out","គាត់ចេញហើយ","koit chenh haey","15 Looking for someone\She's out (koit chenh haey).mp3","false"
"Looking for someone","She's out","គាត់ចេញទៅហើយ","koit chenh tov haey","15 Looking for someone\She's out (koit chenh tov haey).mp3","false"
"Looking for someone","You can call her on her mobile phone","អ្នកអាចទូរស័ព្ទទៅរកគាត់តាមទូរស័ព្ទដៃគាត់","nak arch tourasap tov rok koit tam tourasap dai koit","15 Looking for someone\You can call her on her mobile phone (nak arch tourasap tov rok koit tam tourasap dai koit).mp3","false"
"Looking for someone","You can call her on her mobile phone","អ្នកអាចហៅទៅកាន់ទូរស័ព្ទដៃរបស់នាង","nak arch haw tov kan tourasap dai robos neang","15 Looking for someone\You can call her on her mobile phone (nak arch haw tov kan tourasap dai robos neang).mp3","false"
"Looking for someone","Do you know where I could find her?","តើអ្នកដឹងថាខ្ញុំអាចទៅរកនាងនៅឯណាទេ?","tae nak doeng tha khnhom arch tov rok neang nov ena te?","15 Looking for someone\Do you know where I could find her (tae nak doeng tha khnhom arch tov rok neang nov ena te).mp3","false"
"Looking for someone","She is at work","គាត់នៅកន្លែងធ្វើការ","koit nov kanleng thveukar","15 Looking for someone\She is at work (koit nov kanleng thveukar).mp3","false"
"Looking for someone","She is at home","នាងនៅផ្ទះ","neang nov phteah","15 Looking for someone\She is at home (neang nov phteah).mp3","false"
"Looking for someone","Excuse me, is Julien here?","សូមទោស តើជូលៀននៅទេ?","som tos tae Julien nov te?","15 Looking for someone\Excuse me, is Julien here (som tos tae Julien nov te).mp3","false"
"Looking for someone","Excuse me, is Julien here?","សុំទោស តើជូលៀននៅទេ?","som tos tae Julien nov te?","15 Looking for someone\Excuse me, is Julien here (som tos tae Julien nov te) 2.mp3","false"
"Looking for someone","Yes, he's here","បាទ គាត់នៅទីនេះ","bat koit nov tinih","15 Looking for someone\Yes, he's here (bat koit nov tinih).mp3","false"
"Looking for someone","Yes, he's here","ចាស គាត់នៅទីនេះ","chars koit nov tinih","15 Looking for someone\Yes, he's here (chars koit nov tinih).mp3","false"
"Looking for someone","He's out","គាត់ចេញហើយ","keat chenh haey","15 Looking for someone\He's out (keat chenh haey).mp3","false"
"Looking for someone","He's out","គាត់ចេញទៅហើយ","koit chenh tov haey","15 Looking for someone\He's out (koit chenh tov haey).mp3","false"
"Looking for someone","Do you know where I could find him?","តើអ្នកដឹងទេ ខ្ញុំអាចទៅរកគាត់ឯណាទៅ?","tae nakdoeng te khnhom arch tov rok koit ena tov?","15 Looking for someone\Do you know where I could find him (tae nakdoeng te khnhom arch tov rok koit ena tov).mp3","false"
"Looking for someone","Do you know where I could find him?","តើអ្នកដឹងថាខ្ញុំអាចទៅរកគាត់ឃើញនៅកន្លែងណាទេ?","tae nak doeng tha khnhom arch tov rok koit khoeunh nov kanleng na te?","15 Looking for someone\Do you know where I could find him (tae nak doeng tha khnhom arch tov rok koit khoeunh nov kanleng na te).mp3","false"
"Looking for someone","You can call him on his mobile phone","អ្នកអាចទូរស័ព្ទទៅគាត់តាមទូរសព្ទដៃរបស់គាត់","nak arch tourasap tov koit tam tourasap dai robos koit","15 Looking for someone\You can call him on his mobile phone (nak arch tourasap tov koit tam tourasap dai robos koit).mp3","false"
"Looking for someone","You can call him on his mobile phone","អ្នកអាចហៅទៅកាន់ទូរស័ព្ទដៃរបស់គាត់","nak arch haw tov kan tourasap dai robos koit","15 Looking for someone\You can call him on his mobile phone (nak arch haw tov kan tourasap dai robos koit).mp3","false"
"Looking for someone","He is at work","គាត់នៅកន្លែងធ្វើការ","koit nov kanleng thveukar","15 Looking for someone\He is at work (koit nov kanleng thveukar).mp3","false"
"Looking for someone","He is at home","គាត់នៅផ្ទះ","keat nov phteah","15 Looking for someone\He is at home (keat nov phteah).mp3","false"
"Beach","The beach","ឆ្នេ​សមុទ្រ","chhneh samut","16 Beach\The beach (chhneh samut).mp3","false"
"Beach","Do you know where I can buy a ball?","តើខ្ញុំអាចរកទិញបាល់នៅកន្លែងណាបាន?","tae khnhom arch rok tinh bal nov kanleng na ban?","16 Beach\Do you know where I can buy a ball (tae khnhom arch rok tinh bal nov kanleng na ban).mp3","false"
"Beach","Do you know where I can buy a ball?","តើអ្នកដឹងទេថាខ្ញុំអាចរកទិញបាល់ឯណាបាន?","tae nak doeng tha khnhom arch rok tinh bal ena ban?","16 Beach\Do you know where I can buy a ball (tae nak doeng tha khnhom arch rok tinh bal ena ban).mp3","false"
"Beach","There is a store in this direction","មានហាងមួយទៅទិសខាងនេះ","mean hang muoy nov tis khang nih","16 Beach\There is a store in this direction (mean hang muoy nov tis khang nih).mp3","false"
"Beach","There is a store in this direction","មានហាងមួយនៅទិសខាងនេះ","mean hang muoy nov tis khang nih","16 Beach\There is a store in this direction (mean hang muoy nov tis khang nih) 2.mp3","false"
"Beach","A ball","បាល់​មួយ","bal muoy","16 Beach\A ball (bal muoy).mp3","false"
"Beach","Binoculars","កែវយឹត","keo yeut","16 Beach\Binoculars (keo yeut).mp3","false"
"Beach","a cap","មួកមួយ","muok muoy","16 Beach\a cap (muok muoy).mp3","false"
"Beach","a towel","កន្សែងមួយ","kansaeng muoy","16 Beach\a towel (kansaeng muoy).mp3","false"
"Beach","Sandals","ស្បែកជើងសង្រែក","sbekcheung sanrek","16 Beach\Sandals (sbekcheung sanrek).mp3","false"
"Beach","a bucket","ធុងមួយ","thung muoy","16 Beach\a bucket (thung muoy).mp3","false"
"Beach","Suntan lotion","ឡេកម្តៅថ្ងៃ","le kamdao tngai","16 Beach\Suntan lotion (le kamdao tngai).mp3","false"
"Beach","Swimming trunks","ខោហែលទឹក","kho helteuk","16 Beach\Swimming trunks (kho helteuk).mp3","false"
"Beach","Swimming trunks","ខោខ្លីហែលទឹក","kho kley helteuk","16 Beach\Swimming trunks (kho kley helteuk).mp3","false"
"Beach","Sunglasses","វ៉ែនតា","venta","16 Beach\Sunglasses (venta).mp3","false"
"Beach","Shellfish","គ្រំ","krum","16 Beach\Shellfish (krum).mp3","false"
"Beach","Sunbathing","ហាលថ្ងៃ","hal thngai","16 Beach\Sunbathing (hal thngai).mp3","false"
"Beach","Sunny","ពន្លឺថ្ងៃ","ponleu thngai","16 Beach\Sunny (ponleu thngai).mp3","false"
"Beach","Sunny","កម្តៅថ្ងៃ","kamdao thngai","16 Beach\Sunny (kamdao thngai).mp3","false"
"Beach","Sunset","ថ្ងៃលិច","thngai lich","16 Beach\Sunset (thngai lich).mp3","false"
"Beach","Parasol","ឆ័ត្របាំងថ្ងៃ","chatt baing thngai","16 Beach\Parasol (chatt baing thngai).mp3","false"
"Beach","Sun","ព្រះអាទិត្យ","preah atit","16 Beach\Sun (preah atit).mp3","false"
"Beach","Sunshade","ម្លប់ព្រះអាទិត្យ","mlob preah atit","16 Beach\Sunshade (mlob preah atit).mp3","false"
"Beach","Sunstroke","ក្តៅហែង","kdao heng","16 Beach\Sunstroke (kdao heng).mp3","false"
"Beach","Sunstroke","ក្តៅឆេះ","kdao chhes","16 Beach\Sunstroke (kdao chhes).mp3","false"
"Beach","Is it dangerous to swim here?","តើមានគ្រោះថ្នាក់ទេហែលទឹកនៅទីនេះទេ?","tae mean kroh thnak te helteuk nov tinih?","16 Beach\Is it dangerous to swim here (tae mean kroh thnak te helteuk nov tinih).mp3","false"
"Beach","Is it dangerous to swim here?","តើវាគ្រោះថ្នាក់ទេហែលទឹកនៅទីនេះ?","tae vea kroh thnak te helteuk nov tinih?","16 Beach\Is it dangerous to swim here (tae vea kroh thnak te helteuk nov tinih).mp3","false"
"Beach","No, it is not dangerous","ទេ វាគ្មានគ្រោះថ្នាក់ទេ","te vea kmean kroh thnak te","16 Beach\No, it is not dangerous (te vea kmean kroh thnak te).mp3","false"
"Beach","No, it is not dangerous","ទេ វាគ្មានគ្រោះថ្នាក់ទេ","te vea kmean kroh thnak te","16 Beach\No, it is not dangerous (te vea kmean kroh thnak te) 2.mp3","false"
"Beach","Yes, it is forbidden to swim here","ចាស កន្លែងនេះហាមមិនឱ្យហែលទឹកទេ","chars kangleng nih ham min oy helteuk te","16 Beach\Yes, it is forbidden to swim here (chars kangleng nih ham min oy helteuk te).mp3","false"
"Beach","Yes, it is forbidden to swim here","បាទ កន្លែងនេះហាមមិនឲ្យហែលទឹកទេ","bat kangleng nih ham min oy helteuk te","16 Beach\Yes, it is forbidden to swim here (bat kangleng nih ham min oy helteuk te).mp3","false"
"Beach","Swim","ហែលទឹក","helteuk","16 Beach\Swim (helteuk).mp3","false"
"Beach","Swimming","ការហែលទឹក","ka helteuk","16 Beach\Swimming (ka helteuk).mp3","false"
"Beach","Wave","រលក","rolork","16 Beach\Wave (rolork).mp3","false"
"Beach","Sea","សមុទ្រ","samut","16 Beach\Sea (samut).mp3","false"
"Beach","Dune","ពំនូកខ្សាច់","pumnouk ksach","16 Beach\Dune (pumnouk ksach).mp3","false"
"Beach","Dune","ផ្នូកខ្សាច់","pnouk ksach","16 Beach\Dune (pnouk ksach).mp3","false"
"Beach","Sand","ខ្សាច់","ksach","16 Beach\Sand (ksach).mp3","false"
"Beach","What is the weather forecast for tomorrow?","តើការព្យាករណ៍អាកាសធាតុយ៉ាងម៉េចដែរសម្រាប់ថ្ងៃស្អែក?","tae kar pyeakar akas theat yangmech deh samrab thngai saek?","16 Beach\What is the weather forecast for tomorrow (tae kar pyeakar akas theat yangmech deh samrab thngai saek).mp3","false"
"Beach","What is the weather forecast for tomorrow?","តើថ្ងៃស្អែកមានការព្យាករណ៍អាកាសធាតុយ៉ាងម៉េចដែរ?","tae thngai saek mean kar pyeakar akas theat yangmech deh?","16 Beach\What is the weather forecast for tomorrow (tae thngai saek mean kar pyeakar akas theat yangmech deh).mp3","false"
"Beach","The weather is going to change","អាកាសធាតុនឹងប្រែប្រួល","akas theat neung brepruol","16 Beach\The weather is going to change (akas theat neung brepruol).mp3","false"
"Beach","The weather is going to change","អាកាសធាតុនឹងផ្លាស់ប្តូរ","akas theat neung phlas btau","16 Beach\The weather is going to change (akas theat neung phlas btau).mp3","false"
"Beach","It is going to rain","វា​នឹង​ធ្លាក់​ភ្លៀង","vea​ neung​ thleak phlieng","16 Beach\It is going to rain (vea​ neung​ thleak phlieng).mp3","false"
"Beach","It is going to rain","វានឹងមានភ្ញៀងធា្លក់","vea​ neung​ mean phlieng thleak","16 Beach\It is going to rain (vea​ neung​ mean phlieng thleak).mp3","false"
"Beach","It will be sunny","វានឹងមានពន្លឺថ្ងៃ","vea neung mean ponleu thngai","16 Beach\It will be sunny (vea neung mean ponleu thngai).mp3","false"
"Beach","It will be very windy","វានឹងមានខ្យល់ខ្លាំង","vea neung mean khyal khlang","16 Beach\It will be very windy (vea neung mean khyal khlang).mp3","false"
"Beach","Swimming suit","ឈុត​ហែលទឹក","chhout helteuk","16 Beach\Swimming suit (chhout helteuk).mp3","false"
"Beach","Swimming suit","សម្លៀកបំពាក់ហែលទឹក","samleak bampeak helteuk","16 Beach\Swimming suit (samleak bampeak helteuk).mp3","false"
"In case of trouble","Can you help me, please?","​ជួយ​ខ្ញុំផង​បាន​ទេ?","chuoy​ khnhom​ phong ban​ te?","17 In case of trouble\Can you help me, please (chuoy​ khnhom​ phong ban​ te).mp3","false"
"In case of trouble","Can you help me, please?","តើអ្នកអាចជួយខ្ញុំបានដែរឬទេ?","tae​ nak​ arch​ chuoy​ khnhom​ ban deh reu​ te?","17 In case of trouble\Can you help me, please (tae​ nak​ arch​ chuoy​ khnhom​ ban deh reu​ te).mp3","false"
"In case of trouble","I'm lost","ខ្ញុំ​វង្វេង","khnhom vongveng","17 In case of trouble\I'm lost (khnhom vongveng).mp3","false"
"In case of trouble","What would you like?","តើអ្នកចូលចិត្តអ្វីដែរ?","tae​ nak​ chaulchet avei deh?","17 In case of trouble\What would you like (tae​ nak​ chaulchet avei deh).mp3","false"
"In case of trouble","What happened?","តើមានអ្វីកើតឡើង?","tae mean avei kaet laeng?","17 In case of trouble\What happened (tae mean avei kaet laeng).mp3","false"
"In case of trouble","What happened?","តើមានរឿងអ្វីហ្នឹង?","tae mean roeung avei neung?","17 In case of trouble\What happened (tae mean roeung avei neung).mp3","false"
"In case of trouble","Where could I find an interpreter?","តើខ្ញុំអាចរកអ្នកបកប្រែនៅឯណា?","tae khnhom ach rok nak bak bre nov ena?","17 In case of trouble\Where could I find an interpreter (tae khnhom ach rok nak bak bre nov ena).mp3","false"
"In case of trouble","Where could I find an interpreter?","តើខ្ញុំអាចរកអ្នកបកប្រែបាននៅឯណាទៅ?","tae khnhom ach rok nak bak bre ban nov ena tow?","17 In case of trouble\Where could I find an interpreter (tae khnhom ach rok nak bak bre ban nov ena tow).mp3","false"
"In case of trouble","Where is the nearest pharmacy?","តើឱសថស្ថានជិតបំផុតនៅឯណា?","tae osot sthan chit bampot nov ena?","17 In case of trouble\Where is the nearest pharmacy (tae osot sthan chit bampot nov ena).mp3","false"
"In case of trouble","Can you call a doctor, please","តើអ្នកអាចហៅទូរស័ព្ទទៅវេជ្ជបណ្ឌិតបានទេ?","tae nak arch haw tourasapt tov vechcheak bandit ban te?","17 In case of trouble\Can you call a doctor, please (tae nak arch haw tourasapt tov vechcheak bandit ban te).mp3","false"
"In case of trouble","Can you call a doctor, please","តើអ្នកអាចហៅទូរស័ព្ទទៅគ្រូពេទ្យបានទេ?","tae nak arch haw tourasapt tov kroupet ban te?","17 In case of trouble\Can you call a doctor, please (tae nak arch haw tourasapt tov kroupet ban te).mp3","false"
"In case of trouble","Which kind of treatment are you undergoing at the moment?","តើអ្នកកំពុងទទួលការព្យាបាលបែបណាពេលនេះ?","tae nak kampong tortuol kar pyea barl bebna pel nih?","17 In case of trouble\Which kind of treatment are you undergoing at the moment (tae nak kampong tortuol kar pyea barl bebna pel nih).mp3","false"
"In case of trouble","Which kind of treatment are you undergoing at the moment?","តើអ្នកកំពុងតែទទួការព្យាបាលបែបណានៅពេលនេះ?","tae nak kampong teh tortuol kar pyeabal bebna nov pel nih?","17 In case of trouble\Which kind of treatment are you undergoing at the moment (tae nak kampong teh tortuol kar pyeabal bebna nov pel nih).mp3","false"
"In case of trouble","a hospital","មន្ទីរពេទ្យ","montirpet","17 In case of trouble\a hospital (montirpet).mp3","false"
"In case of trouble","a chemist's","ឱសថស្ថាន","osot sthan","17 In case of trouble\a chemist's (osot sthan).mp3","false"
"In case of trouble","a doctor","វេជ្ជបណ្ឌិត","vechcheak bandet","17 In case of trouble\a doctor (vechcheak bandet).mp3","false"
"In case of trouble","Medical department","ផ្នែកវេជ្ជសាស្រ្ត","phnek vechch sas","17 In case of trouble\Medical department (phnek vechch sas).mp3","false"
"In case of trouble","I lost my papers","ខ្ញុំបានបាត់ឯកសាររបស់ខ្ញុំអស់ហើយ","khnhom ban bat eksar robos khnhom os huoy","17 In case of trouble\I lost my papers (khnhom ban bat eksar robos khnhom os huoy).mp3","false"
"In case of trouble","I lost my papers","ខ្ញុំបាត់ឯកសារអស់ហើយ","khnhom bat eksar os huoy","17 In case of trouble\I lost my papers (khnhom bat eksar os huoy).mp3","false"
"In case of trouble","My papers have been stolen","ឯកសាររបស់ខ្ញុំត្រូវបានលួច","eksar robos khnhom trauv ban luoch","17 In case of trouble\My papers have been stolen (eksar robos khnhom trauv ban luoch).mp3","false"
"In case of trouble","My papers have been stolen","ឯកសាររបស់ខ្ញុំត្រូវគេលួចអស់ហើយ","eksar robos khnhom trauv keh luoch os haey","17 In case of trouble\My papers have been stolen (eksar robos khnhom trauv keh luoch os haey).mp3","false"
"In case of trouble","Lost-property office","ការិយាល័យបាត់បង់ទ្រព្យសម្បត្តិ","kariyalai batbong trob sambat","17 In case of trouble\Lost-property office (kariyalai batbong trob sambat).mp3","false"
"In case of trouble","Lost-property office","ការិយាល័យបាត់បង់ទ្រព្យ","kariyalai batbong trob","17 In case of trouble\Lost-property office (kariyalai batbong trob).mp3","false"
"In case of trouble","First-aid station","ស្ថានីយ៍សង្គ្រោះបឋម","stha ni sangkrosh bathom","17 In case of trouble\First-aid station (stha ni sangkrosh bathom).mp3","false"
"In case of trouble","Emergency exit","ច្រកចេញបន្ទាន់","chrakchenh bantoin","17 In case of trouble\Emergency exit (chrakchenh bantoin).mp3","false"
"In case of trouble","The police","ប៉ូ​លី​ស","polis","17 In case of trouble\The police (polis).mp3","false"
"In case of trouble","Papers","ឯកសារ","ek ksar","17 In case of trouble\Papers (ek ksar).mp3","false"
"In case of trouble","Money","លុយ","luy","17 In case of trouble\Money (luy).mp3","false"
"In case of trouble","Passport","លិខិតឆ្លងដែន","likhet chhlangden","17 In case of trouble\Passport (likhet chhlangden).mp3","false"
"In case of trouble","Luggage","អីវ៉ាន់","eivan","17 In case of trouble\Luggage (eivan).mp3","false"
"In case of trouble","I'm ok, thanks","ខ្ញុំមិនអីទេ អរគុណ","khnhom min ei te arkun","17 In case of trouble\I'm ok, thanks (khnhom min ei te arkun).mp3","false"
"In case of trouble","I'm ok, thanks","ខ្ញុំមិនអីទេ អរគុណ","khnhom min ei te arkun","17 In case of trouble\I'm ok, thanks (khnhom min ei te arkun) 2.mp3","false"
"In case of trouble","Leave me alone!","ទុក​ឲ្យខ្ញុំ​នៅ​ម្នាក់ឯង​បាន​ហើយ!","tuk​ aoy​ khnhom​ nov​ mneak eng​ ban​ haey!","17 In case of trouble\Leave me alone! (tuk​ aoy​ khnhom​ nov​ mneak eng​ ban​ haey!).mp3","false"
"In case of trouble","Leave me alone!","ទុកឲ្យខ្ញុំនៅម្នាក់ឯងចុះ!","tuk​ aoy​ khnhom​ nov​ mneak eng chos!","17 In case of trouble\Leave me alone! (tuk​ aoy​ khnhom​ nov​ mneak eng chos!).mp3","false"
"In case of trouble","Go away!","ទៅ​ឲ្យឆ្ងាយ!","tow​ oy chhngay!","17 In case of trouble\Go away! (tow​ oy chhngay!).mp3","false"
"In case of trouble","Go away!","ចេញឲ្យឆ្ងាយទៅ!","tow​ oy chhngay tov!","17 In case of trouble\Go away! (tow​ oy chhngay tov!).mp3","false"